"id";"Image";"Nom";"Référence";"Catégorie";"Prix de base";"Prix final";"Quantité";"État";
"1650";"http://www.promoslunettes.com/img/p/0.jpg";"Bulgari 0BV7029 501/4Z";"0BV7029 501/4Z";"Bulgari";"157.500000";"189";"10";"0";
"1594";"http://www.promoslunettes.com/img/p/0.jpg";"Bulgari 0BV8208 54564Z";"0BV8208 54564Z";"Bulgari";"182.500000";"219";"10";"0";
"1602";"http://www.promoslunettes.com/img/p/0.jpg";"Bulgari 0BV8169Q 977/13";"0BV8169Q 977/13";"Bulgari";"165.833333";"199";"10";"0";
"1546";"http://www.promoslunettes.com/img/p/0.jpg";"Bulgari 0BV6109 203214";"0BV6109 203214";"Bulgari";"182.500000";"219";"9";"0";
"1610";"http://www.promoslunettes.com/img/p/0.jpg";"Bulgari 0BV8178 11177E";"0BV8178 11177E";"Bulgari";"140.833333";"169";"10";"0";
"1554";"http://www.promoslunettes.com/img/p/0.jpg";"Bulgari 0BV8171B 537913";"0BV8171B 537913";"Bulgari";"157.500000";"189";"10";"0";
"1618";"http://www.promoslunettes.com/img/p/0.jpg";"Bulgari 0BV5040K 200681";"0BV5040K 200681";"Bulgari";"449.166667";"539";"10";"0";
"1562";"http://www.promoslunettes.com/img/p/0.jpg";"Bulgari 0BV6087B 20206J";"0BV6087B 20206J";"Bulgari";"182.500000";"219";"10";"0";
"1626";"http://www.promoslunettes.com/img/p/0.jpg";"Bulgari 0BV8198B 54408G";"0BV8198B 54408G";"Bulgari";"265.833333";"319";"10";"0";
"1570";"http://www.promoslunettes.com/img/p/0.jpg";"Bulgari 0BV6091B 278/1A";"0BV6091B 278/1A";"Bulgari";"140.833333";"169";"10";"0";
"1634";"http://www.promoslunettes.com/img/p/0.jpg";"Bulgari 0BV7032 53134Z";"0BV7032 53134Z";"Bulgari";"157.500000";"189";"10";"0";
"1578";"http://www.promoslunettes.com/img/p/0.jpg";"Bulgari 0BV6101B 203890";"0BV6101B 203890";"Bulgari";"199.166667";"239";"10";"0";
"1642";"http://www.promoslunettes.com/img/p/0.jpg";"Bulgari 0BV5034K 393/83";"0BV5034K 393/83";"Bulgari";"365.833333";"439";"10";"0";
"1586";"http://www.promoslunettes.com/img/p/0.jpg";"Bulgari 0BV6105B 20148G";"0BV6105B 20148G";"Bulgari";"140.833333";"169";"10";"0";
"1534";"http://www.promoslunettes.com/img/p/0.jpg";"Bulgari 0BV5044 128/87";"0BV5044 128/87";"Bulgari";"140.833333";"169";"10";"0";
"1714";"http://www.promoslunettes.com/img/p/0.jpg";"Bulgari 0BV8201B 536213";"0BV8201B 536213";"Bulgari";"165.833333";"199";"10";"0";
"1478";"http://www.promoslunettes.com/img/p/0.jpg";"Bulgari 0BV8194BF 501/8G";"0BV8194BF 501/8G";"Bulgari";"157.500000";"189";"10";"0";
"1658";"http://www.promoslunettes.com/img/p/0.jpg";"Bulgari 0BV8194BF 54328H";"0BV8194BF 54328H";"Bulgari";"157.500000";"189";"10";"0";
"1722";"http://www.promoslunettes.com/img/p/0.jpg";"Bulgari 0BV6077B 376/8G";"0BV6077B 376/8G";"Bulgari";"149.166667";"179";"10";"0";
"1486";"http://www.promoslunettes.com/img/p/0.jpg";"Bulgari 0BV5044 195/81";"0BV5044 195/81";"Bulgari";"157.500000";"189";"10";"0";
"1666";"http://www.promoslunettes.com/img/p/0.jpg";"Bulgari 0BV8198B 54423B";"0BV8198B 54423B";"Bulgari";"265.833333";"319";"10";"0";
"1430";"http://www.promoslunettes.com/img/p/0.jpg";"Bulgari 0BV8141K 53198G";"0BV8141K 53198G";"Bulgari";"315.833333";"379";"10";"0";
"1730";"http://www.promoslunettes.com/img/p/0.jpg";"Bulgari 0BV8181B 535313";"0BV8181B 535313";"Bulgari";"215.833333";"259";"10";"0";
"1494";"http://www.promoslunettes.com/img/p/0.jpg";"Bulgari 0BV8202B 54128G";"0BV8202B 54128G";"Bulgari";"199.166667";"239";"10";"0";
"1674";"http://www.promoslunettes.com/img/p/0.jpg";"Bulgari 0BV8201B 53768G";"0BV8201B 53768G";"Bulgari";"165.833333";"199";"10";"0";
"1438";"http://www.promoslunettes.com/img/p/0.jpg";"Bulgari 0BV8187KB 5425T3";"0BV8187KB 5425T3";"Bulgari";"449.166667";"539";"10";"0";
"1738";"http://www.promoslunettes.com/img/p/0.jpg";"Bulgari 0BV6087B 20144Z";"0BV6087B 20144Z";"Bulgari";"182.500000";"219";"10";"0";
"1502";"http://www.promoslunettes.com/img/p/0.jpg";"Bulgari 0BV8120B 504/13";"0BV8120B 504/13";"Bulgari";"140.833333";"169";"10";"0";
"1682";"http://www.promoslunettes.com/img/p/0.jpg";"Bulgari 0BV8207B 545013";"0BV8207B 545013";"Bulgari";"182.500000";"219";"10";"0";
"1446";"http://www.promoslunettes.com/img/p/0.jpg";"Bulgari 0BV8196B 54313B";"0BV8196B 54313B";"Bulgari";"199.166667";"239";"10";"0";
"1746";"http://www.promoslunettes.com/img/p/0.jpg";"Bulgari 0BV6093 278/87";"0BV6093 278/87";"Bulgari";"165.833333";"199";"10";"0";
"1510";"http://www.promoslunettes.com/img/p/0.jpg";"Bulgari 0BV8170 501/8G";"0BV8170 501/8G";"Bulgari";"140.833333";"169";"10";"0";
"1690";"http://www.promoslunettes.com/img/p/0.jpg";"Bulgari 0BV7028K 528683";"0BV7028K 528683";"Bulgari";"265.833333";"319";"10";"0";
"1454";"http://www.promoslunettes.com/img/p/0.jpg";"Bulgari 0BV8206 504/13";"0BV8206 504/13";"Bulgari";"182.500000";"219";"10";"0";
"1754";"http://www.promoslunettes.com/img/p/0.jpg";"Bulgari 0BV6103 201318";"0BV6103 201318";"Bulgari";"182.500000";"219";"10";"0";
"1518";"http://www.promoslunettes.com/img/p/0.jpg";"Bulgari 0BV7027 531381";"0BV7027 531381";"Bulgari";"157.500000";"189";"10";"0";
"1698";"http://www.promoslunettes.com/img/p/0.jpg";"Bulgari 0BV6088 20206J";"0BV6088 20206J";"Bulgari";"199.166667";"239";"10";"0";
"1462";"http://www.promoslunettes.com/img/p/0.jpg";"Bulgari 0BV8175B 501/8G";"0BV8175B 501/8G";"Bulgari";"157.500000";"189";"10";"0";
"1526";"http://www.promoslunettes.com/img/p/0.jpg";"Bulgari 0BV6089 2045H5";"0BV6089 2045H5";"Bulgari";"157.500000";"189";"10";"0";
"1706";"http://www.promoslunettes.com/img/p/0.jpg";"Bulgari 0BV8199B 504/13";"0BV8199B 504/13";"Bulgari";"182.500000";"219";"10";"0";
"1470";"http://www.promoslunettes.com/img/p/0.jpg";"Bulgari 0BV8184B 54261A";"0BV8184B 54261A";"Bulgari";"165.833333";"199";"10";"0";
"1653";"http://www.promoslunettes.com/img/p/0.jpg";"Bulgari 0BV5039K 395/81";"0BV5039K 395/81";"Bulgari";"549.166667";"659";"10";"0";
"1597";"http://www.promoslunettes.com/img/p/0.jpg";"Bulgari 0BV7021 530987";"0BV7021 530987";"Bulgari";"140.833333";"169";"10";"0";
"1605";"http://www.promoslunettes.com/img/p/0.jpg";"Bulgari 0BV8171B 53908G";"0BV8171B 53908G";"Bulgari";"157.500000";"189";"10";"0";
"1549";"http://www.promoslunettes.com/img/p/0.jpg";"Bulgari 0BV8207B 504/13";"0BV8207B 504/13";"Bulgari";"182.500000";"219";"10";"0";
"1613";"http://www.promoslunettes.com/img/p/0.jpg";"Bulgari 0BV6086B 20148G";"0BV6086B 20148G";"Bulgari";"157.500000";"189";"10";"0";
"1557";"http://www.promoslunettes.com/img/p/0.jpg";"Bulgari 0BV8178 901/8G";"0BV8178 901/8G";"Bulgari";"140.833333";"169";"10";"0";
"1621";"http://www.promoslunettes.com/img/p/0.jpg";"Bulgari 0BV5042 195/87";"0BV5042 195/87";"Bulgari";"157.500000";"189";"10";"0";
"1565";"http://www.promoslunettes.com/img/p/0.jpg";"Bulgari 0BV6095 20248G";"0BV6095 20248G";"Bulgari";"182.500000";"219";"10";"0";
"1629";"http://www.promoslunettes.com/img/p/0.jpg";"Bulgari 0BV6097KB 395/T3";"0BV6097KB 395/T3";"Bulgari";"449.166667";"539";"10";"0";
"1573";"http://www.promoslunettes.com/img/p/0.jpg";"Bulgari 0BV8193B 501/8G";"0BV8193B 501/8G";"Bulgari";"157.500000";"189";"10";"0";
"1637";"http://www.promoslunettes.com/img/p/0.jpg";"Bulgari 0BV6108 20148H";"0BV6108 20148H";"Bulgari";"182.500000";"219";"10";"0";
"1581";"http://www.promoslunettes.com/img/p/0.jpg";"Bulgari 0BV6102B 20148G";"0BV6102B 20148G";"Bulgari";"182.500000";"219";"10";"0";
"1645";"http://www.promoslunettes.com/img/p/0.jpg";"Bulgari 0BV8171B 53838G";"0BV8171B 53838G";"Bulgari";"157.500000";"189";"10";"0";
"1589";"http://www.promoslunettes.com/img/p/0.jpg";"Bulgari 0BV8205KB 5412T3";"0BV8205KB 5412T3";"Bulgari";"449.166667";"539";"10";"0";
"1709";"http://www.promoslunettes.com/img/p/0.jpg";"Bulgari 0BV6098 202218";"0BV6098 202218";"Bulgari";"182.500000";"219";"10";"0";
"1473";"http://www.promoslunettes.com/img/p/0.jpg";"Bulgari 0BV8187KB 5417T3";"0BV8187KB 5417T3";"Bulgari";"449.166667";"539";"10";"0";
"1537";"http://www.promoslunettes.com/img/p/0.jpg";"Bulgari 0BV8195KB 5193T5";"0BV8195KB 5193T5";"Bulgari";"449.166667";"539";"10";"0";
"1717";"http://www.promoslunettes.com/img/p/0.jpg";"Bulgari 0BV7032 544881";"0BV7032 544881";"Bulgari";"174.166667";"209";"10";"0";
"1481";"http://www.promoslunettes.com/img/p/0.jpg";"Bulgari 0BV6092B 239/6F";"0BV6092B 239/6F";"Bulgari";"199.166667";"239";"10";"0";
"1661";"http://www.promoslunettes.com/img/p/0.jpg";"Bulgari 0BV5044 20134Z";"0BV5044 20134Z";"Bulgari";"140.833333";"169";"10";"0";
"1725";"http://www.promoslunettes.com/img/p/0.jpg";"Bulgari 0BV8170 536213";"0BV8170 536213";"Bulgari";"140.833333";"169";"10";"0";
"1489";"http://www.promoslunettes.com/img/p/0.jpg";"Bulgari 0BV6099 203613";"0BV6099 203613";"Bulgari";"182.500000";"219";"10";"0";
"1669";"http://www.promoslunettes.com/img/p/0.jpg";"Bulgari 0BV8197 536213";"0BV8197 536213";"Bulgari";"157.500000";"189";"10";"0";
"1433";"http://www.promoslunettes.com/img/p/0.jpg";"Bulgari 0BV8170 504/13";"0BV8170 504/13";"Bulgari";"140.833333";"169";"10";"0";
"1733";"http://www.promoslunettes.com/img/p/0.jpg";"Bulgari 0BV8180B 53623B";"0BV8180B 53623B";"Bulgari";"199.166667";"239";"10";"0";
"1497";"http://www.promoslunettes.com/img/p/0.jpg";"Bulgari 0BV7032 541173";"0BV7032 541173";"Bulgari";"157.500000";"189";"10";"0";
"1677";"http://www.promoslunettes.com/img/p/0.jpg";"Bulgari 0BV8204B 504/T5";"0BV8204B 504/T5";"Bulgari";"199.166667";"239";"10";"0";
"1441";"http://www.promoslunettes.com/img/p/0.jpg";"Bulgari 0BV6089 128/T9";"0BV6089 128/T9";"Bulgari";"157.500000";"189";"10";"0";
"1741";"http://www.promoslunettes.com/img/p/0.jpg";"Bulgari 0BV6088 20188G";"0BV6088 20188G";"Bulgari";"199.166667";"239";"10";"0";
"1505";"http://www.promoslunettes.com/img/p/0.jpg";"Bulgari 0BV8141K 51958G";"0BV8141K 51958G";"Bulgari";"365.833333";"439";"10";"0";
"1685";"http://www.promoslunettes.com/img/p/0.jpg";"Bulgari 0BV5031TG 408173";"0BV5031TG 408173";"Bulgari";"890.833333";"1069";"10";"0";
"1449";"http://www.promoslunettes.com/img/p/0.jpg";"Bulgari 0BV6097KB 2041T5";"0BV6097KB 2041T5";"Bulgari";"449.166667";"539";"10";"0";
"1749";"http://www.promoslunettes.com/img/p/0.jpg";"Bulgari 0BV5041 195/87";"0BV5041 195/87";"Bulgari";"157.500000";"189";"10";"0";
"1513";"http://www.promoslunettes.com/img/p/0.jpg";"Bulgari 0BV6082 376/8H";"0BV6082 376/8H";"Bulgari";"132.500000";"159";"10";"0";
"1693";"http://www.promoslunettes.com/img/p/0.jpg";"Bulgari 0BV8185B 54128G";"0BV8185B 54128G";"Bulgari";"182.500000";"219";"10";"0";
"1457";"http://www.promoslunettes.com/img/p/0.jpg";"Bulgari 0BV6108 278/8G";"0BV6108 278/8G";"Bulgari";"182.500000";"219";"10";"0";
"1757";"http://www.promoslunettes.com/img/p/0.jpg";"Bulgari 0BV6104 201318";"0BV6104 201318";"Bulgari";"182.500000";"219";"10";"0";
"1521";"http://www.promoslunettes.com/img/p/0.jpg";"Bulgari 0BV8186KB 5193T5";"0BV8186KB 5193T5";"Bulgari";"449.166667";"539";"10";"0";
"1701";"http://www.promoslunettes.com/img/p/0.jpg";"Bulgari 0BV6089 202218";"0BV6089 202218";"Bulgari";"157.500000";"189";"10";"0";
"1465";"http://www.promoslunettes.com/img/p/0.jpg";"Bulgari 0BV7027 501/87";"0BV7027 501/87";"Bulgari";"140.833333";"169";"10";"0";
"1592";"http://www.promoslunettes.com/img/p/0.jpg";"Bulgari 0BV6108 20144Z";"0BV6108 20144Z";"Bulgari";"182.500000";"219";"10";"0";
"1600";"http://www.promoslunettes.com/img/p/0.jpg";"Bulgari 0BV6078KB 395/T3";"0BV6078KB 395/T3";"Bulgari";"365.833333";"439";"10";"0";
"1544";"http://www.promoslunettes.com/img/p/0.jpg";"Bulgari 0BV5045 128/87";"0BV5045 128/87";"Bulgari";"140.833333";"169";"10";"0";
"1608";"http://www.promoslunettes.com/img/p/0.jpg";"Bulgari 0BV8176B 504/13";"0BV8176B 504/13";"Bulgari";"157.500000";"189";"10";"0";
"1552";"http://www.promoslunettes.com/img/p/0.jpg";"Bulgari 0BV5036K 394/81";"0BV5036K 394/81";"Bulgari";"265.833333";"319";"10";"0";
"1616";"http://www.promoslunettes.com/img/p/0.jpg";"Bulgari 0BV8194BF 504/13";"0BV8194BF 504/13";"Bulgari";"157.500000";"189";"10";"0";
"1560";"http://www.promoslunettes.com/img/p/0.jpg";"Bulgari 0BV8182B 901/8G";"0BV8182B 901/8G";"Bulgari";"265.833333";"319";"10";"0";
"1624";"http://www.promoslunettes.com/img/p/0.jpg";"Bulgari 0BV6099 201318";"0BV6099 201318";"Bulgari";"182.500000";"219";"10";"0";
"1568";"http://www.promoslunettes.com/img/p/0.jpg";"Bulgari 0BV5040K 200781";"0BV5040K 200781";"Bulgari";"449.166667";"539";"10";"0";
"1632";"http://www.promoslunettes.com/img/p/0.jpg";"Bulgari 0BV6105B 20148H";"0BV6105B 20148H";"Bulgari";"140.833333";"169";"10";"0";
"1576";"http://www.promoslunettes.com/img/p/0.jpg";"Bulgari 0BV8198B 544113";"0BV8198B 544113";"Bulgari";"265.833333";"319";"10";"0";
"1640";"http://www.promoslunettes.com/img/p/0.jpg";"Bulgari 0BV8120B 501/8G";"0BV8120B 501/8G";"Bulgari";"140.833333";"169";"10";"0";
"1584";"http://www.promoslunettes.com/img/p/0.jpg";"Bulgari 0BV8201BF 501/T3";"0BV8201BF 501/T3";"Bulgari";"182.500000";"219";"10";"0";
"1648";"http://www.promoslunettes.com/img/p/0.jpg";"Bulgari 0BV8181B 54178G";"0BV8181B 54178G";"Bulgari";"215.833333";"259";"10";"0";
"1532";"http://www.promoslunettes.com/img/p/0.jpg";"Bulgari 0BV6091B 20144Z";"0BV6091B 20144Z";"Bulgari";"140.833333";"169";"10";"0";
"1712";"http://www.promoslunettes.com/img/p/0.jpg";"Bulgari 0BV8197 504/T5";"0BV8197 504/T5";"Bulgari";"174.166667";"209";"10";"0";
"1476";"http://www.promoslunettes.com/img/p/0.jpg";"Bulgari 0BV6089 20294Z";"0BV6089 20294Z";"Bulgari";"157.500000";"189";"10";"0";
"1656";"http://www.promoslunettes.com/img/p/0.jpg";"Bulgari 0BV6095 202555";"0BV6095 202555";"Bulgari";"182.500000";"219";"10";"0";
"1540";"http://www.promoslunettes.com/img/p/0.jpg";"Bulgari 0BV8203 544618";"0BV8203 544618";"Bulgari";"182.500000";"219";"10";"0";
"1720";"http://www.promoslunettes.com/img/p/0.jpg";"Bulgari 0BV6053BM 278/T5";"0BV6053BM 278/T5";"Bulgari";"165.833333";"199";"10";"0";
"1484";"http://www.promoslunettes.com/img/p/0.jpg";"Bulgari 0BV8193B 504/13";"0BV8193B 504/13";"Bulgari";"157.500000";"189";"10";"0";
"1664";"http://www.promoslunettes.com/img/p/0.jpg";"Bulgari 0BV8199BF 504/13";"0BV8199BF 504/13";"Bulgari";"182.500000";"219";"10";"0";
"1428";"http://www.promoslunettes.com/img/p/0.jpg";"Bulgari 0BV5031TG 408087";"0BV5031TG 408087";"Bulgari";"890.833333";"1069";"10";"0";
"1728";"http://www.promoslunettes.com/img/p/0.jpg";"Bulgari 0BV7027 539473";"0BV7027 539473";"Bulgari";"140.833333";"169";"10";"0";
"1492";"http://www.promoslunettes.com/img/p/0.jpg";"Bulgari 0BV6098 2032H5";"0BV6098 2032H5";"Bulgari";"182.500000";"219";"10";"0";
"1672";"http://www.promoslunettes.com/img/p/0.jpg";"Bulgari 0BV6102B 278/13";"0BV6102B 278/13";"Bulgari";"182.500000";"219";"10";"0";
"1436";"http://www.promoslunettes.com/img/p/0.jpg";"Bulgari 0BV6086B 278/T5";"0BV6086B 278/T5";"Bulgari";"174.166667";"209";"10";"0";
"1736";"http://www.promoslunettes.com/img/p/0.jpg";"Bulgari 0BV6085B 278/13";"0BV6085B 278/13";"Bulgari";"165.833333";"199";"10";"0";
"1500";"http://www.promoslunettes.com/img/p/0.jpg";"Bulgari 0BV6107 205011";"0BV6107 205011";"Bulgari";"182.500000";"219";"10";"0";
"1680";"http://www.promoslunettes.com/img/p/0.jpg";"Bulgari 0BV6109 278/8G";"0BV6109 278/8G";"Bulgari";"182.500000";"219";"10";"0";
"1444";"http://www.promoslunettes.com/img/p/0.jpg";"Bulgari 0BV5041 400/6G";"0BV5041 400/6G";"Bulgari";"157.500000";"189";"10";"0";
"1744";"http://www.promoslunettes.com/img/p/0.jpg";"Bulgari 0BV8189 54267E";"0BV8189 54267E";"Bulgari";"165.833333";"199";"10";"0";
"1508";"http://www.promoslunettes.com/img/p/0.jpg";"Bulgari 0BV5036K 393/83";"0BV5036K 393/83";"Bulgari";"265.833333";"319";"10";"0";
"1688";"http://www.promoslunettes.com/img/p/0.jpg";"Bulgari 0BV5033 400/80";"0BV5033 400/80";"Bulgari";"165.833333";"199";"10";"0";
"1452";"http://www.promoslunettes.com/img/p/0.jpg";"Bulgari 0BV8203 54448G";"0BV8203 54448G";"Bulgari";"182.500000";"219";"10";"0";
"1752";"http://www.promoslunettes.com/img/p/0.jpg";"Bulgari 0BV8193B 54321A";"0BV8193B 54321A";"Bulgari";"157.500000";"189";"10";"0";
"1516";"http://www.promoslunettes.com/img/p/0.jpg";"Bulgari 0BV7027 504/73";"0BV7027 504/73";"Bulgari";"140.833333";"169";"10";"0";
"1696";"http://www.promoslunettes.com/img/p/0.jpg";"Bulgari 0BV7030 504/73";"0BV7030 504/73";"Bulgari";"157.500000";"189";"10";"0";
"1460";"http://www.promoslunettes.com/img/p/0.jpg";"Bulgari 0BV8134K 5324T3";"0BV8134K 5324T3";"Bulgari";"349.166667";"419";"10";"0";
"1760";"http://www.promoslunettes.com/img/p/0.jpg";"Bulgari 0BV8205KB 5195T3";"0BV8205KB 5195T3";"Bulgari";"449.166667";"539";"10";"0";
"1524";"http://www.promoslunettes.com/img/p/0.jpg";"Bulgari 0BV6088 203890";"0BV6088 203890";"Bulgari";"199.166667";"239";"10";"0";
"1704";"http://www.promoslunettes.com/img/p/0.jpg";"Bulgari 0BV6092B 278/8G";"0BV6092B 278/8G";"Bulgari";"199.166667";"239";"10";"0";
"1468";"http://www.promoslunettes.com/img/p/0.jpg";"Bulgari 0BV8180B 504/T5";"0BV8180B 504/T5";"Bulgari";"215.833333";"259";"10";"0";
"1651";"http://www.promoslunettes.com/img/p/0.jpg";"Bulgari 0BV7029 531387";"0BV7029 531387";"Bulgari";"157.500000";"189";"10";"0";
"1595";"http://www.promoslunettes.com/img/p/0.jpg";"Bulgari 0BV8208 545585";"0BV8208 545585";"Bulgari";"182.500000";"219";"10";"0";
"1603";"http://www.promoslunettes.com/img/p/0.jpg";"Bulgari 0BV6082 376/5A";"0BV6082 376/5A";"Bulgari";"124.166667";"149";"10";"0";
"1547";"http://www.promoslunettes.com/img/p/0.jpg";"Bulgari 0BV5046TK 204081";"0BV5046TK 204081";"Bulgari";"549.166667";"659";"10";"0";
"1611";"http://www.promoslunettes.com/img/p/0.jpg";"Bulgari 0BV8182B 11215A";"0BV8182B 11215A";"Bulgari";"265.833333";"319";"10";"0";
"1555";"http://www.promoslunettes.com/img/p/0.jpg";"Bulgari 0BV6083 20145A";"0BV6083 20145A";"Bulgari";"140.833333";"169";"10";"0";
"1619";"http://www.promoslunettes.com/img/p/0.jpg";"Bulgari 0BV6096 20204L";"0BV6096 20204L";"Bulgari";"157.500000";"189";"10";"0";
"1563";"http://www.promoslunettes.com/img/p/0.jpg";"Bulgari 0BV6088 239/6G";"0BV6088 239/6G";"Bulgari";"199.166667";"239";"10";"0";
"1627";"http://www.promoslunettes.com/img/p/0.jpg";"Bulgari 0BV7031 501/81";"0BV7031 501/81";"Bulgari";"199.166667";"239";"10";"0";
"1571";"http://www.promoslunettes.com/img/p/0.jpg";"Bulgari 0BV6091B 278/5A";"0BV6091B 278/5A";"Bulgari";"140.833333";"169";"10";"0";
"1635";"http://www.promoslunettes.com/img/p/0.jpg";"Bulgari 0BV6106B 20144Z";"0BV6106B 20144Z";"Bulgari";"182.500000";"219";"10";"0";
"1579";"http://www.promoslunettes.com/img/p/0.jpg";"Bulgari 0BV6101B 20146F";"0BV6101B 20146F";"Bulgari";"199.166667";"239";"10";"0";
"1643";"http://www.promoslunettes.com/img/p/0.jpg";"Bulgari 0BV5036K 395/81";"0BV5036K 395/81";"Bulgari";"265.833333";"319";"10";"0";
"1587";"http://www.promoslunettes.com/img/p/0.jpg";"Bulgari 0BV8206 545373";"0BV8206 545373";"Bulgari";"182.500000";"219";"10";"0";
"1535";"http://www.promoslunettes.com/img/p/0.jpg";"Bulgari 0BV6101B 278/13";"0BV6101B 278/13";"Bulgari";"199.166667";"239";"10";"0";
"1715";"http://www.promoslunettes.com/img/p/0.jpg";"Bulgari 0BV8203 54474Z";"0BV8203 54474Z";"Bulgari";"182.500000";"219";"10";"0";
"1479";"http://www.promoslunettes.com/img/p/0.jpg";"Bulgari 0BV6093 128/87";"0BV6093 128/87";"Bulgari";"165.833333";"199";"10";"0";
"1659";"http://www.promoslunettes.com/img/p/0.jpg";"Bulgari 0BV6091B 20146F";"0BV6091B 20146F";"Bulgari";"140.833333";"169";"10";"0";
"1723";"http://www.promoslunettes.com/img/p/0.jpg";"Bulgari 0BV8164B 504/13";"0BV8164B 504/13";"Bulgari";"132.500000";"159";"10";"0";
"1487";"http://www.promoslunettes.com/img/p/0.jpg";"Bulgari 0BV6099 20188G";"0BV6099 20188G";"Bulgari";"182.500000";"219";"10";"0";
"1667";"http://www.promoslunettes.com/img/p/0.jpg";"Bulgari 0BV7031 531387";"0BV7031 531387";"Bulgari";"182.500000";"219";"10";"0";
"1431";"http://www.promoslunettes.com/img/p/0.jpg";"Bulgari 0BV6077B 278/13";"0BV6077B 278/13";"Bulgari";"149.166667";"179";"10";"0";
"1731";"http://www.promoslunettes.com/img/p/0.jpg";"Bulgari 0BV8182B 977/13";"0BV8182B 977/13";"Bulgari";"265.833333";"319";"10";"0";
"1495";"http://www.promoslunettes.com/img/p/0.jpg";"Bulgari 0BV8202B 5443T5";"0BV8202B 5443T5";"Bulgari";"215.833333";"259";"10";"0";
"1675";"http://www.promoslunettes.com/img/p/0.jpg";"Bulgari 0BV8201B 504/13";"0BV8201B 504/13";"Bulgari";"165.833333";"199";"10";"0";
"1439";"http://www.promoslunettes.com/img/p/0.jpg";"Bulgari 0BV8188B 54308G";"0BV8188B 54308G";"Bulgari";"182.500000";"219";"10";"0";
"1739";"http://www.promoslunettes.com/img/p/0.jpg";"Bulgari 0BV6087B 20238G";"0BV6087B 20238G";"Bulgari";"182.500000";"219";"10";"0";
"1503";"http://www.promoslunettes.com/img/p/0.jpg";"Bulgari 0BV6062K 393/3B";"0BV6062K 393/3B";"Bulgari";"315.833333";"379";"10";"0";
"1683";"http://www.promoslunettes.com/img/p/0.jpg";"Bulgari 0BV8208 501/8G";"0BV8208 501/8G";"Bulgari";"182.500000";"219";"10";"0";
"1447";"http://www.promoslunettes.com/img/p/0.jpg";"Bulgari 0BV8197 543690";"0BV8197 543690";"Bulgari";"157.500000";"189";"10";"0";
"1747";"http://www.promoslunettes.com/img/p/0.jpg";"Bulgari 0BV5040K 393/83";"0BV5040K 393/83";"Bulgari";"449.166667";"539";"10";"0";
"1511";"http://www.promoslunettes.com/img/p/0.jpg";"Bulgari 0BV8170 54158H";"0BV8170 54158H";"Bulgari";"140.833333";"169";"10";"0";
"1691";"http://www.promoslunettes.com/img/p/0.jpg";"Bulgari 0BV8182B 11198G";"0BV8182B 11198G";"Bulgari";"265.833333";"319";"10";"0";
"1455";"http://www.promoslunettes.com/img/p/0.jpg";"Bulgari 0BV5045 195/87";"0BV5045 195/87";"Bulgari";"140.833333";"169";"10";"0";
"1755";"http://www.promoslunettes.com/img/p/0.jpg";"Bulgari 0BV6104 20238G";"0BV6104 20238G";"Bulgari";"182.500000";"219";"10";"0";
"1519";"http://www.promoslunettes.com/img/p/0.jpg";"Bulgari 0BV7028K 538881";"0BV7028K 538881";"Bulgari";"265.833333";"319";"10";"0";
"1699";"http://www.promoslunettes.com/img/p/0.jpg";"Bulgari 0BV8189 897/5A";"0BV8189 897/5A";"Bulgari";"165.833333";"199";"10";"0";
"1463";"http://www.promoslunettes.com/img/p/0.jpg";"Bulgari 0BV8177 501/8G";"0BV8177 501/8G";"Bulgari";"140.833333";"169";"10";"0";
"1527";"http://www.promoslunettes.com/img/p/0.jpg";"Bulgari 0BV6095 20266G";"0BV6095 20266G";"Bulgari";"182.500000";"219";"10";"0";
"1707";"http://www.promoslunettes.com/img/p/0.jpg";"Bulgari 0BV6101B 20148G";"0BV6101B 20148G";"Bulgari";"199.166667";"239";"10";"0";
"1471";"http://www.promoslunettes.com/img/p/0.jpg";"Bulgari 0BV8185B 54215A";"0BV8185B 54215A";"Bulgari";"182.500000";"219";"10";"0";
"1654";"http://www.promoslunettes.com/img/p/0.jpg";"Bulgari 0BV6087B 20373B";"0BV6087B 20373B";"Bulgari";"182.500000";"219";"10";"0";
"1598";"http://www.promoslunettes.com/img/p/0.jpg";"Bulgari 0BV5035TK 395/81";"0BV5035TK 395/81";"Bulgari";"532.500000";"639";"10";"0";
"1542";"http://www.promoslunettes.com/img/p/0.jpg";"Bulgari 0BV8204B 54128G";"0BV8204B 54128G";"Bulgari";"182.500000";"219";"10";"0";
"1606";"http://www.promoslunettes.com/img/p/0.jpg";"Bulgari 0BV6083 20188G";"0BV6083 20188G";"Bulgari";"140.833333";"169";"10";"0";
"1550";"http://www.promoslunettes.com/img/p/0.jpg";"Bulgari 0BV8151BM 501/T3";"0BV8151BM 501/T3";"Bulgari";"232.500000";"279";"10";"0";
"1614";"http://www.promoslunettes.com/img/p/0.jpg";"Bulgari 0BV8188B 504/13";"0BV8188B 504/13";"Bulgari";"182.500000";"219";"10";"0";
"1558";"http://www.promoslunettes.com/img/p/0.jpg";"Bulgari 0BV8178 11115A";"0BV8178 11115A";"Bulgari";"140.833333";"169";"10";"0";
"1622";"http://www.promoslunettes.com/img/p/0.jpg";"Bulgari 0BV6094B 201413";"0BV6094B 201413";"Bulgari";"199.166667";"239";"10";"0";
"1566";"http://www.promoslunettes.com/img/p/0.jpg";"Bulgari 0BV8191 11204L";"0BV8191 11204L";"Bulgari";"182.500000";"219";"10";"0";
"1630";"http://www.promoslunettes.com/img/p/0.jpg";"Bulgari 0BV8195KB 5195T3";"0BV8195KB 5195T3";"Bulgari";"449.166667";"539";"10";"0";
"1574";"http://www.promoslunettes.com/img/p/0.jpg";"Bulgari 0BV8199BF 501/8G";"0BV8199BF 501/8G";"Bulgari";"182.500000";"219";"10";"0";
"1638";"http://www.promoslunettes.com/img/p/0.jpg";"Bulgari 0BV8207B 54494Z";"0BV8207B 54494Z";"Bulgari";"182.500000";"219";"10";"0";
"1582";"http://www.promoslunettes.com/img/p/0.jpg";"Bulgari 0BV6104 20144Z";"0BV6104 20144Z";"Bulgari";"182.500000";"219";"10";"0";
"1646";"http://www.promoslunettes.com/img/p/0.jpg";"Bulgari 0BV8173B 53998G";"0BV8173B 53998G";"Bulgari";"165.833333";"199";"10";"0";
"1590";"http://www.promoslunettes.com/img/p/0.jpg";"Bulgari 0BV6106B 20363B";"0BV6106B 20363B";"Bulgari";"182.500000";"219";"10";"0";
"1710";"http://www.promoslunettes.com/img/p/0.jpg";"Bulgari 0BV7031 504/73";"0BV7031 504/73";"Bulgari";"182.500000";"219";"10";"0";
"1474";"http://www.promoslunettes.com/img/p/0.jpg";"Bulgari 0BV6087B 278/13";"0BV6087B 278/13";"Bulgari";"182.500000";"219";"10";"0";
"1538";"http://www.promoslunettes.com/img/p/0.jpg";"Bulgari 0BV6103 2032H5";"0BV6103 2032H5";"Bulgari";"182.500000";"219";"10";"0";
"1718";"http://www.promoslunettes.com/img/p/0.jpg";"Bulgari 0BV5045 202273";"0BV5045 202273";"Bulgari";"140.833333";"169";"10";"0";
"1482";"http://www.promoslunettes.com/img/p/0.jpg";"Bulgari 0BV6092B 278/13";"0BV6092B 278/13";"Bulgari";"199.166667";"239";"10";"0";
"1662";"http://www.promoslunettes.com/img/p/0.jpg";"Bulgari 0BV5044 202273";"0BV5044 202273";"Bulgari";"140.833333";"169";"10";"0";
"1726";"http://www.promoslunettes.com/img/p/0.jpg";"Bulgari 0BV6082 278/3B";"0BV6082 278/3B";"Bulgari";"132.500000";"159";"10";"0";
"1490";"http://www.promoslunettes.com/img/p/0.jpg";"Bulgari 0BV8199B 501/8G";"0BV8199B 501/8G";"Bulgari";"182.500000";"219";"10";"0";
"1670";"http://www.promoslunettes.com/img/p/0.jpg";"Bulgari 0BV6103 20288G";"0BV6103 20288G";"Bulgari";"182.500000";"219";"10";"0";
"1434";"http://www.promoslunettes.com/img/p/0.jpg";"Bulgari 0BV8179KB 5190T3";"0BV8179KB 5190T3";"Bulgari";"365.833333";"439";"10";"0";
"1734";"http://www.promoslunettes.com/img/p/0.jpg";"Bulgari 0BV7029 541183";"0BV7029 541183";"Bulgari";"174.166667";"209";"10";"0";
"1498";"http://www.promoslunettes.com/img/p/0.jpg";"Bulgari 0BV8204B 501/8G";"0BV8204B 501/8G";"Bulgari";"182.500000";"219";"10";"0";
"1678";"http://www.promoslunettes.com/img/p/0.jpg";"Bulgari 0BV6107 20478G";"0BV6107 20478G";"Bulgari";"182.500000";"219";"10";"0";
"1442";"http://www.promoslunettes.com/img/p/0.jpg";"Bulgari 0BV8191 11171A";"0BV8191 11171A";"Bulgari";"182.500000";"219";"10";"0";
"1742";"http://www.promoslunettes.com/img/p/0.jpg";"Bulgari 0BV8188B 501/8G";"0BV8188B 501/8G";"Bulgari";"182.500000";"219";"10";"0";
"1506";"http://www.promoslunettes.com/img/p/0.jpg";"Bulgari 0BV8141K 5190T3";"0BV8141K 5190T3";"Bulgari";"365.833333";"439";"10";"0";
"1686";"http://www.promoslunettes.com/img/p/0.jpg";"Bulgari 0BV5032TK 393/T5";"0BV5032TK 393/T5";"Bulgari";"532.500000";"639";"10";"0";
"1450";"http://www.promoslunettes.com/img/p/0.jpg";"Bulgari 0BV6097KB 204281";"0BV6097KB 204281";"Bulgari";"449.166667";"539";"10";"0";
"1750";"http://www.promoslunettes.com/img/p/0.jpg";"Bulgari 0BV5041 202283";"0BV5041 202283";"Bulgari";"174.166667";"209";"10";"0";
"1514";"http://www.promoslunettes.com/img/p/0.jpg";"Bulgari 0BV6083 203290";"0BV6083 203290";"Bulgari";"140.833333";"169";"10";"0";
"1694";"http://www.promoslunettes.com/img/p/0.jpg";"Bulgari 0BV8185B 501/8G";"0BV8185B 501/8G";"Bulgari";"182.500000";"219";"10";"0";
"1458";"http://www.promoslunettes.com/img/p/0.jpg";"Bulgari 0BV8208 545413";"0BV8208 545413";"Bulgari";"182.500000";"219";"10";"0";
"1758";"http://www.promoslunettes.com/img/p/0.jpg";"Bulgari 0BV8202B 54423B";"0BV8202B 54423B";"Bulgari";"199.166667";"239";"10";"0";
"1522";"http://www.promoslunettes.com/img/p/0.jpg";"Bulgari 0BV8186KB 5412T3";"0BV8186KB 5412T3";"Bulgari";"449.166667";"539";"10";"0";
"1702";"http://www.promoslunettes.com/img/p/0.jpg";"Bulgari 0BV6096 20288G";"0BV6096 20288G";"Bulgari";"157.500000";"189";"10";"0";
"1466";"http://www.promoslunettes.com/img/p/0.jpg";"Bulgari 0BV8179KB 5193T5";"0BV8179KB 5193T5";"Bulgari";"365.833333";"439";"10";"0";
"1593";"http://www.promoslunettes.com/img/p/0.jpg";"Bulgari 0BV8207B 501/8G";"0BV8207B 501/8G";"Bulgari";"182.500000";"219";"10";"0";
"1601";"http://www.promoslunettes.com/img/p/0.jpg";"Bulgari 0BV5037 400/6G";"0BV5037 400/6G";"Bulgari";"140.833333";"169";"10";"0";
"1545";"http://www.promoslunettes.com/img/p/0.jpg";"Bulgari 0BV5045 20134Z";"0BV5045 20134Z";"Bulgari";"140.833333";"169";"10";"0";
"1609";"http://www.promoslunettes.com/img/p/0.jpg";"Bulgari 0BV8177 504/13";"0BV8177 504/13";"Bulgari";"140.833333";"169";"10";"0";
"1553";"http://www.promoslunettes.com/img/p/0.jpg";"Bulgari 0BV8163B 501/8G";"0BV8163B 501/8G";"Bulgari";"140.833333";"169";"10";"0";
"1617";"http://www.promoslunettes.com/img/p/0.jpg";"Bulgari 0BV8190KB 5195T3";"0BV8190KB 5195T3";"Bulgari";"449.166667";"539";"10";"0";
"1561";"http://www.promoslunettes.com/img/p/0.jpg";"Bulgari 0BV8186KB 827/T3";"0BV8186KB 827/T3";"Bulgari";"449.166667";"539";"10";"0";
"1625";"http://www.promoslunettes.com/img/p/0.jpg";"Bulgari 0BV8199B 54383B";"0BV8199B 54383B";"Bulgari";"182.500000";"219";"10";"0";
"1569";"http://www.promoslunettes.com/img/p/0.jpg";"Bulgari 0BV6096 20321A";"0BV6096 20321A";"Bulgari";"157.500000";"189";"10";"0";
"1633";"http://www.promoslunettes.com/img/p/0.jpg";"Bulgari 0BV8206 501/T3";"0BV8206 501/T3";"Bulgari";"199.166667";"239";"10";"0";
"1577";"http://www.promoslunettes.com/img/p/0.jpg";"Bulgari 0BV6101B 20373B";"0BV6101B 20373B";"Bulgari";"199.166667";"239";"10";"0";
"1641";"http://www.promoslunettes.com/img/p/0.jpg";"Bulgari 0BV8141K 519313";"0BV8141K 519313";"Bulgari";"365.833333";"439";"10";"0";
"1585";"http://www.promoslunettes.com/img/p/0.jpg";"Bulgari 0BV6105B 278/13";"0BV6105B 278/13";"Bulgari";"140.833333";"169";"10";"0";
"1649";"http://www.promoslunettes.com/img/p/0.jpg";"Bulgari 0BV8181B 54198G";"0BV8181B 54198G";"Bulgari";"215.833333";"259";"10";"0";
"1533";"http://www.promoslunettes.com/img/p/0.jpg";"Bulgari 0BV8194B 504/13";"0BV8194B 504/13";"Bulgari";"157.500000";"189";"10";"0";
"1713";"http://www.promoslunettes.com/img/p/0.jpg";"Bulgari 0BV5043TK 204081";"0BV5043TK 204081";"Bulgari";"549.166667";"659";"10";"0";
"1477";"http://www.promoslunettes.com/img/p/0.jpg";"Bulgari 0BV6095 203013";"0BV6095 203013";"Bulgari";"182.500000";"219";"10";"0";
"1657";"http://www.promoslunettes.com/img/p/0.jpg";"Bulgari 0BV8191 11215A";"0BV8191 11215A";"Bulgari";"182.500000";"219";"10";"0";
"1541";"http://www.promoslunettes.com/img/p/0.jpg";"Bulgari 0BV7032 526287";"0BV7032 526287";"Bulgari";"157.500000";"189";"10";"0";
"1721";"http://www.promoslunettes.com/img/p/0.jpg";"Bulgari 0BV8159BQ 901/8G";"0BV8159BQ 901/8G";"Bulgari";"165.833333";"199";"10";"0";
"1485";"http://www.promoslunettes.com/img/p/0.jpg";"Bulgari 0BV8193B 54315A";"0BV8193B 54315A";"Bulgari";"157.500000";"189";"10";"0";
"1665";"http://www.promoslunettes.com/img/p/0.jpg";"Bulgari 0BV8199B 54128G";"0BV8199B 54128G";"Bulgari";"182.500000";"219";"10";"0";
"1429";"http://www.promoslunettes.com/img/p/0.jpg";"Bulgari 0BV8141K 523513";"0BV8141K 523513";"Bulgari";"315.833333";"379";"10";"0";
"1729";"http://www.promoslunettes.com/img/p/0.jpg";"Bulgari 0BV7028K 528581";"0BV7028K 528581";"Bulgari";"265.833333";"319";"10";"0";
"1493";"http://www.promoslunettes.com/img/p/0.jpg";"Bulgari 0BV8196B 54268H";"0BV8196B 54268H";"Bulgari";"199.166667";"239";"10";"0";
"1673";"http://www.promoslunettes.com/img/p/0.jpg";"Bulgari 0BV6102B 20373B";"0BV6102B 20373B";"Bulgari";"182.500000";"219";"10";"0";
"1437";"http://www.promoslunettes.com/img/p/0.jpg";"Bulgari 0BV8187KB 5193T5";"0BV8187KB 5193T5";"Bulgari";"449.166667";"539";"10";"0";
"1737";"http://www.promoslunettes.com/img/p/0.jpg";"Bulgari 0BV5039K 393/83";"0BV5039K 393/83";"Bulgari";"549.166667";"659";"10";"0";
"1501";"http://www.promoslunettes.com/img/p/0.jpg";"Bulgari 0BV5046TK 200681";"0BV5046TK 200681";"Bulgari";"549.166667";"659";"10";"0";
"1681";"http://www.promoslunettes.com/img/p/0.jpg";"Bulgari 0BV6108 278/13";"0BV6108 278/13";"Bulgari";"182.500000";"219";"10";"0";
"1445";"http://www.promoslunettes.com/img/p/0.jpg";"Bulgari 0BV6094B 20148G";"0BV6094B 20148G";"Bulgari";"199.166667";"239";"10";"0";
"1745";"http://www.promoslunettes.com/img/p/0.jpg";"Bulgari 0BV8191 901/6G";"0BV8191 901/6G";"Bulgari";"182.500000";"219";"10";"0";
"1509";"http://www.promoslunettes.com/img/p/0.jpg";"Bulgari 0BV8163B 53528G";"0BV8163B 53528G";"Bulgari";"140.833333";"169";"10";"0";
"1689";"http://www.promoslunettes.com/img/p/0.jpg";"Bulgari 0BV8164B 501/8G";"0BV8164B 501/8G";"Bulgari";"132.500000";"159";"10";"0";
"1453";"http://www.promoslunettes.com/img/p/0.jpg";"Bulgari 0BV8203 544584";"0BV8203 544584";"Bulgari";"182.500000";"219";"10";"0";
"1753";"http://www.promoslunettes.com/img/p/0.jpg";"Bulgari 0BV8194B 501/8G";"0BV8194B 501/8G";"Bulgari";"157.500000";"189";"10";"0";
"1517";"http://www.promoslunettes.com/img/p/0.jpg";"Bulgari 0BV7027 526271";"0BV7027 526271";"Bulgari";"140.833333";"169";"10";"0";
"1697";"http://www.promoslunettes.com/img/p/0.jpg";"Bulgari 0BV6085B 20206J";"0BV6085B 20206J";"Bulgari";"165.833333";"199";"10";"0";
"1461";"http://www.promoslunettes.com/img/p/0.jpg";"Bulgari 0BV8150B 504/13";"0BV8150B 504/13";"Bulgari";"140.833333";"169";"10";"0";
"1761";"http://www.promoslunettes.com/img/p/0.jpg";"Bulgari 0BV6106B 20338G";"0BV6106B 20338G";"Bulgari";"182.500000";"219";"10";"0";
"1525";"http://www.promoslunettes.com/img/p/0.jpg";"Bulgari 0BV8189 504/13";"0BV8189 504/13";"Bulgari";"165.833333";"199";"10";"0";
"1705";"http://www.promoslunettes.com/img/p/0.jpg";"Bulgari 0BV6094B 278/5A";"0BV6094B 278/5A";"Bulgari";"199.166667";"239";"10";"0";
"1469";"http://www.promoslunettes.com/img/p/0.jpg";"Bulgari 0BV8184B 51454L";"0BV8184B 51454L";"Bulgari";"165.833333";"199";"10";"0";
"1652";"http://www.promoslunettes.com/img/p/0.jpg";"Bulgari 0BV5039K 200781";"0BV5039K 200781";"Bulgari";"549.166667";"659";"10";"0";
"1596";"http://www.promoslunettes.com/img/p/0.jpg";"Bulgari 0BV5031TG 408887";"0BV5031TG 408887";"Bulgari";"890.833333";"1069";"10";"0";
"1604";"http://www.promoslunettes.com/img/p/0.jpg";"Bulgari 0BV6082 376/8G";"0BV6082 376/8G";"Bulgari";"132.500000";"159";"10";"0";
"1548";"http://www.promoslunettes.com/img/p/0.jpg";"Bulgari 0BV5046TK 203983";"0BV5046TK 203983";"Bulgari";"549.166667";"659";"10";"0";
"1612";"http://www.promoslunettes.com/img/p/0.jpg";"Bulgari 0BV8184B 53768G";"0BV8184B 53768G";"Bulgari";"165.833333";"199";"10";"0";
"1556";"http://www.promoslunettes.com/img/p/0.jpg";"Bulgari 0BV6083 203013";"0BV6083 203013";"Bulgari";"140.833333";"169";"10";"0";
"1620";"http://www.promoslunettes.com/img/p/0.jpg";"Bulgari 0BV6092B 20148G";"0BV6092B 20148G";"Bulgari";"199.166667";"239";"10";"0";
"1564";"http://www.promoslunettes.com/img/p/0.jpg";"Bulgari 0BV6089 20288G";"0BV6089 20288G";"Bulgari";"157.500000";"189";"10";"0";
"1628";"http://www.promoslunettes.com/img/p/0.jpg";"Bulgari 0BV5043TK 200681";"0BV5043TK 200681";"Bulgari";"549.166667";"659";"10";"0";
"1572";"http://www.promoslunettes.com/img/p/0.jpg";"Bulgari 0BV5042 20134Z";"0BV5042 20134Z";"Bulgari";"157.500000";"189";"10";"0";
"1636";"http://www.promoslunettes.com/img/p/0.jpg";"Bulgari 0BV6109 128/87";"0BV6109 128/87";"Bulgari";"182.500000";"219";"10";"0";
"1580";"http://www.promoslunettes.com/img/p/0.jpg";"Bulgari 0BV8196B 504/13";"0BV8196B 504/13";"Bulgari";"199.166667";"239";"10";"0";
"1644";"http://www.promoslunettes.com/img/p/0.jpg";"Bulgari 0BV8161B 53634L";"0BV8161B 53634L";"Bulgari";"124.166667";"149";"10";"0";
"1588";"http://www.promoslunettes.com/img/p/0.jpg";"Bulgari 0BV8204B 536213";"0BV8204B 536213";"Bulgari";"182.500000";"219";"10";"0";
"1472";"http://www.promoslunettes.com/img/p/0.jpg";"Bulgari 0BV7030 501/81";"0BV7030 501/81";"Bulgari";"174.166667";"209";"10";"0";
"1536";"http://www.promoslunettes.com/img/p/0.jpg";"Bulgari 0BV7031 526271";"0BV7031 526271";"Bulgari";"182.500000";"219";"10";"0";
"1716";"http://www.promoslunettes.com/img/p/0.jpg";"Bulgari 0BV8201BF 504/13";"0BV8201BF 504/13";"Bulgari";"165.833333";"199";"10";"0";
"1480";"http://www.promoslunettes.com/img/p/0.jpg";"Bulgari 0BV6093 20321A";"0BV6093 20321A";"Bulgari";"165.833333";"199";"10";"0";
"1660";"http://www.promoslunettes.com/img/p/0.jpg";"Bulgari 0BV8194B 53768G";"0BV8194B 53768G";"Bulgari";"157.500000";"189";"10";"0";
"1724";"http://www.promoslunettes.com/img/p/0.jpg";"Bulgari 0BV8163B 53858G";"0BV8163B 53858G";"Bulgari";"140.833333";"169";"10";"0";
"1488";"http://www.promoslunettes.com/img/p/0.jpg";"Bulgari 0BV6099 202290";"0BV6099 202290";"Bulgari";"182.500000";"219";"10";"0";
"1668";"http://www.promoslunettes.com/img/p/0.jpg";"Bulgari 0BV8196B 501/8G";"0BV8196B 501/8G";"Bulgari";"199.166667";"239";"10";"0";
"1432";"http://www.promoslunettes.com/img/p/0.jpg";"Bulgari 0BV8169Q 901/8G";"0BV8169Q 901/8G";"Bulgari";"165.833333";"199";"10";"0";
"1732";"http://www.promoslunettes.com/img/p/0.jpg";"Bulgari 0BV8180B 501/8G";"0BV8180B 501/8G";"Bulgari";"199.166667";"239";"10";"0";
"1496";"http://www.promoslunettes.com/img/p/0.jpg";"Bulgari 0BV8202B 54268G";"0BV8202B 54268G";"Bulgari";"199.166667";"239";"10";"0";
"1676";"http://www.promoslunettes.com/img/p/0.jpg";"Bulgari 0BV6105B 278/3B";"0BV6105B 278/3B";"Bulgari";"140.833333";"169";"10";"0";
"1440";"http://www.promoslunettes.com/img/p/0.jpg";"Bulgari 0BV6089 202255";"0BV6089 202255";"Bulgari";"157.500000";"189";"10";"0";
"1740";"http://www.promoslunettes.com/img/p/0.jpg";"Bulgari 0BV6088 20144Z";"0BV6088 20144Z";"Bulgari";"199.166667";"239";"10";"0";
"1504";"http://www.promoslunettes.com/img/p/0.jpg";"Bulgari 0BV8134K 504/13";"0BV8134K 504/13";"Bulgari";"332.500000";"399";"10";"0";
"1684";"http://www.promoslunettes.com/img/p/0.jpg";"Bulgari 0BV8134K 740/8H";"0BV8134K 740/8H";"Bulgari";"332.500000";"399";"10";"0";
"1448";"http://www.promoslunettes.com/img/p/0.jpg";"Bulgari 0BV5043TK 203983";"0BV5043TK 203983";"Bulgari";"549.166667";"659";"10";"0";
"1748";"http://www.promoslunettes.com/img/p/0.jpg";"Bulgari 0BV5041 195/55";"0BV5041 195/55";"Bulgari";"157.500000";"189";"10";"0";
"1512";"http://www.promoslunettes.com/img/p/0.jpg";"Bulgari 0BV6082 278/13";"0BV6082 278/13";"Bulgari";"132.500000";"159";"10";"0";
"1692";"http://www.promoslunettes.com/img/p/0.jpg";"Bulgari 0BV8184B 504/13";"0BV8184B 504/13";"Bulgari";"165.833333";"199";"10";"0";
"1456";"http://www.promoslunettes.com/img/p/0.jpg";"Bulgari 0BV6107 20486F";"0BV6107 20486F";"Bulgari";"182.500000";"219";"10";"0";
"1756";"http://www.promoslunettes.com/img/p/0.jpg";"Bulgari 0BV6104 20461A";"0BV6104 20461A";"Bulgari";"182.500000";"219";"10";"0";
"1520";"http://www.promoslunettes.com/img/p/0.jpg";"Bulgari 0BV8180B 541313";"0BV8180B 541313";"Bulgari";"199.166667";"239";"10";"0";
"1700";"http://www.promoslunettes.com/img/p/0.jpg";"Bulgari 0BV6089 128/6G";"0BV6089 128/6G";"Bulgari";"157.500000";"189";"10";"0";
"1464";"http://www.promoslunettes.com/img/p/0.jpg";"Bulgari 0BV5038 201387";"0BV5038 201387";"Bulgari";"140.833333";"169";"10";"0";
"1708";"http://www.promoslunettes.com/img/p/0.jpg";"Bulgari 0BV6098 20188G";"0BV6098 20188G";"Bulgari";"182.500000";"219";"10";"0";
"1655";"http://www.promoslunettes.com/img/p/0.jpg";"Bulgari 0BV6089 20134Z";"0BV6089 20134Z";"Bulgari";"157.500000";"189";"10";"0";
"1599";"http://www.promoslunettes.com/img/p/0.jpg";"Bulgari 0BV8161B 501/8G";"0BV8161B 501/8G";"Bulgari";"132.500000";"159";"10";"0";
"1543";"http://www.promoslunettes.com/img/p/0.jpg";"Bulgari 0BV6106B 278/13";"0BV6106B 278/13";"Bulgari";"182.500000";"219";"10";"0";
"1607";"http://www.promoslunettes.com/img/p/0.jpg";"Bulgari 0BV6083 20206J";"0BV6083 20206J";"Bulgari";"140.833333";"169";"10";"0";
"1551";"http://www.promoslunettes.com/img/p/0.jpg";"Bulgari 0BV8156B 53528G";"0BV8156B 53528G";"Bulgari";"165.833333";"199";"10";"0";
"1615";"http://www.promoslunettes.com/img/p/0.jpg";"Bulgari 0BV6095 20274Z";"0BV6095 20274Z";"Bulgari";"182.500000";"219";"10";"0";
"1559";"http://www.promoslunettes.com/img/p/0.jpg";"Bulgari 0BV8178 977/13";"0BV8178 977/13";"Bulgari";"140.833333";"169";"10";"0";
"1623";"http://www.promoslunettes.com/img/p/0.jpg";"Bulgari 0BV8194B 54328H";"0BV8194B 54328H";"Bulgari";"157.500000";"189";"10";"0";
"1567";"http://www.promoslunettes.com/img/p/0.jpg";"Bulgari 0BV8190KB 5412T3";"0BV8190KB 5412T3";"Bulgari";"449.166667";"539";"10";"0";
"1631";"http://www.promoslunettes.com/img/p/0.jpg";"Bulgari 0BV6103 20374Z";"0BV6103 20374Z";"Bulgari";"182.500000";"219";"10";"0";
"1575";"http://www.promoslunettes.com/img/p/0.jpg";"Bulgari 0BV8198B 5439T3";"0BV8198B 5439T3";"Bulgari";"282.500000";"339";"10";"0";
"1639";"http://www.promoslunettes.com/img/p/0.jpg";"Bulgari 0BV6053BM 376/8D";"0BV6053BM 376/8D";"Bulgari";"149.166667";"179";"10";"0";
"1583";"http://www.promoslunettes.com/img/p/0.jpg";"Bulgari 0BV8203 569/T9";"0BV8203 569/T9";"Bulgari";"182.500000";"219";"10";"0";
"1647";"http://www.promoslunettes.com/img/p/0.jpg";"Bulgari 0BV8179KB 519562";"0BV8179KB 519562";"Bulgari";"365.833333";"439";"10";"0";
"1591";"http://www.promoslunettes.com/img/p/0.jpg";"Bulgari 0BV6109 20134Z";"0BV6109 20134Z";"Bulgari";"182.500000";"219";"10";"0";
"1711";"http://www.promoslunettes.com/img/p/0.jpg";"Bulgari 0BV8197 501/8G";"0BV8197 501/8G";"Bulgari";"157.500000";"189";"10";"0";
"1475";"http://www.promoslunettes.com/img/p/0.jpg";"Bulgari 0BV8189 501/8G";"0BV8189 501/8G";"Bulgari";"165.833333";"199";"10";"0";
"1539";"http://www.promoslunettes.com/img/p/0.jpg";"Bulgari 0BV8201B 501/T3";"0BV8201B 501/T3";"Bulgari";"182.500000";"219";"10";"0";
"1719";"http://www.promoslunettes.com/img/p/0.jpg";"Bulgari 0BV6109 205172";"0BV6109 205172";"Bulgari";"182.500000";"219";"10";"0";
"1483";"http://www.promoslunettes.com/img/p/0.jpg";"Bulgari 0BV5042 202273";"0BV5042 202273";"Bulgari";"157.500000";"189";"10";"0";
"1663";"http://www.promoslunettes.com/img/p/0.jpg";"Bulgari 0BV6099 20144Z";"0BV6099 20144Z";"Bulgari";"182.500000";"219";"10";"0";
"1727";"http://www.promoslunettes.com/img/p/0.jpg";"Bulgari 0BV8174B 504/T5";"0BV8174B 504/T5";"Bulgari";"182.500000";"219";"10";"0";
"1491";"http://www.promoslunettes.com/img/p/0.jpg";"Bulgari 0BV6098 20134Z";"0BV6098 20134Z";"Bulgari";"182.500000";"219";"10";"0";
"1671";"http://www.promoslunettes.com/img/p/0.jpg";"Bulgari 0BV6102B 20146F";"0BV6102B 20146F";"Bulgari";"182.500000";"219";"10";"0";
"1435";"http://www.promoslunettes.com/img/p/0.jpg";"Bulgari 0BV8185B 504/13";"0BV8185B 504/13";"Bulgari";"182.500000";"219";"10";"0";
"1735";"http://www.promoslunettes.com/img/p/0.jpg";"Bulgari 0BV6085B 20238G";"0BV6085B 20238G";"Bulgari";"165.833333";"199";"10";"0";
"1499";"http://www.promoslunettes.com/img/p/0.jpg";"Bulgari 0BV8205KB 5193T5";"0BV8205KB 5193T5";"Bulgari";"449.166667";"539";"10";"0";
"1679";"http://www.promoslunettes.com/img/p/0.jpg";"Bulgari 0BV6107 204985";"0BV6107 204985";"Bulgari";"182.500000";"219";"10";"0";
"1443";"http://www.promoslunettes.com/img/p/0.jpg";"Bulgari 0BV6091B 278/13";"0BV6091B 278/13";"Bulgari";"140.833333";"169";"10";"0";
"1743";"http://www.promoslunettes.com/img/p/0.jpg";"Bulgari 0BV8188B 54294Z";"0BV8188B 54294Z";"Bulgari";"182.500000";"219";"10";"0";
"1507";"http://www.promoslunettes.com/img/p/0.jpg";"Bulgari 0BV6075 2005T3";"0BV6075 2005T3";"Bulgari";"207.500000";"249";"10";"0";
"1687";"http://www.promoslunettes.com/img/p/0.jpg";"Bulgari 0BV8144B 501/8G";"0BV8144B 501/8G";"Bulgari";"165.833333";"199";"10";"0";
"1451";"http://www.promoslunettes.com/img/p/0.jpg";"Bulgari 0BV8195KB 5431T5";"0BV8195KB 5431T5";"Bulgari";"449.166667";"539";"10";"0";
"1751";"http://www.promoslunettes.com/img/p/0.jpg";"Bulgari 0BV6094B 278/T5";"0BV6094B 278/T5";"Bulgari";"215.833333";"259";"10";"0";
"1515";"http://www.promoslunettes.com/img/p/0.jpg";"Bulgari 0BV6083 20374Z";"0BV6083 20374Z";"Bulgari";"140.833333";"169";"10";"0";
"1695";"http://www.promoslunettes.com/img/p/0.jpg";"Bulgari 0BV7029 526255";"0BV7029 526255";"Bulgari";"157.500000";"189";"10";"0";
"1759";"http://www.promoslunettes.com/img/p/0.jpg";"Bulgari 0BV8206 53768G";"0BV8206 53768G";"Bulgari";"182.500000";"219";"10";"0";
"1523";"http://www.promoslunettes.com/img/p/0.jpg";"Bulgari 0BV6088 202218";"0BV6088 202218";"Bulgari";"199.166667";"239";"10";"0";
"1703";"http://www.promoslunettes.com/img/p/0.jpg";"Bulgari 0BV6091B 20148G";"0BV6091B 20148G";"Bulgari";"140.833333";"169";"10";"0";
"1467";"http://www.promoslunettes.com/img/p/0.jpg";"Bulgari 0BV8181B 54205A";"0BV8181B 54205A";"Bulgari";"215.833333";"259";"10";"0";
"1529";"http://www.promoslunettes.com/img/p/4/5/0/1/4501.jpg";"Bulgari 0BV6093 20144Z";"0BV6093 20144Z";"Bulgari";"165.833333";"199";"10";"0";
"1530";"http://www.promoslunettes.com/img/p/4/5/0/2/4502.jpg";"Bulgari 0BV8190KB 5193T5";"0BV8190KB 5193T5";"Bulgari";"449.166667";"539";"10";"0";
"1528";"http://www.promoslunettes.com/img/p/4/5/0/0/4500.jpg";"Bulgari 0BV8191 901/8G";"0BV8191 901/8G";"Bulgari";"182.500000";"219";"10";"0";
"1531";"http://www.promoslunettes.com/img/p/4/5/0/3/4503.jpg";"Bulgari 0BV6096 20134Z";"0BV6096 20134Z";"Bulgari";"157.500000";"189";"10";"0";
"1459";"http://www.promoslunettes.com/img/p/4/5/1/0/4510.jpg";"Bulgari 0BV5026K 390/81";"0BV5026K 390/81";"Bulgari";"666.666667";"800";"10";"0";