ID;Actif (0/1);Nom;Catégories (x,y,z...);Prix de vente TTC;ID règles de taxes;Prix d'achat;Référence;fournisseur;Fabricant;EAN-13;Quantité;Caractéristique
3003;0;Lunettes de vue Ray Ban  0RX5228 5546 50;32,33;86,99;1;54,21;0RX5228 5546 50;3;2;8053672430004;10;Longueur des branches:140mm,Largeur d'un verre:50mm,Largeur du pont:17mm,Largeur totale:117mm,Hauteur d'un verre:34.5mm,Matière:Plastique,Forme:Carré,Genre:Femme
3004;0;Lunettes de vue Ray Ban  0RX5228 5628 50;32,33;86,99;1;54,21;0RX5228 5628 50;3;2;8053672604740;10;Longueur des branches:140mm,Largeur d'un verre:50mm,Largeur du pont:17mm,Largeur totale:117mm,Hauteur d'un verre:34.5mm,Matière:Plastique,Forme:Carré,Genre:Femme
3005;0;Lunettes de vue Ray Ban  0RX5228 5628 53;32,33;86,99;1;54,21;0RX5228 5628 53;3;2;8053672604757;10;Longueur des branches:140mm,Largeur d'un verre:53mm,Largeur du pont:17mm,Largeur totale:123mm,Hauteur d'un verre:36.6mm,Matière:Plastique,Forme:Carré,Genre:Femme
3006;0;Lunettes de vue Ray Ban  0RX5228 5798 55;32,33;86,99;1;54,21;0RX5228 5798 55;3;2;8053672927474;10;Longueur des branches:140mm,Largeur d'un verre:55mm,Largeur du pont:17mm,Largeur totale:127mm,Hauteur d'un verre:38.0mm,Matière:Plastique,Forme:Carré,Genre:Femme
3007;0;Lunettes de vue Ray Ban  0RX5150 2034 48;32,33;81,99;1;50,64;0RX5150 2034 48;3;2;0805289464235;10;Longueur des branches:135mm,Largeur d'un verre:48mm,Largeur du pont:19mm,Largeur totale:115mm,Hauteur d'un verre:29.3mm,Matière:Plastique,Forme:Rectangle,Genre:Femme
3008;0;Lunettes de vue Ray Ban  0RX5150 5240 48;32,33;81,99;1;50,64;0RX5150 5240 48;3;2;8053672124118;10;Longueur des branches:135mm,Largeur d'un verre:48mm,Largeur du pont:19mm,Largeur totale:115mm,Hauteur d'un verre:29.3mm,Matière:Plastique,Forme:Rectangle,Genre:Femme
3009;0;Lunettes de vue Ray Ban  0RX5150 5240 50;32,33;81,99;1;50,64;0RX5150 5240 50;3;2;8053672124095;10;Longueur des branches:135mm,Largeur d'un verre:50mm,Largeur du pont:19mm,Largeur totale:119mm,Hauteur d'un verre:30.5mm,Matière:Plastique,Forme:Rectangle,Genre:Femme
3010;0;Lunettes de vue Ray Ban  0RX5150 5713 50;32,33;81,99;1;50,64;0RX5150 5713 50;3;2;8053672783759;10;Longueur des branches:135mm,Largeur d'un verre:50mm,Largeur du pont:19mm,Largeur totale:119mm,Hauteur d'un verre:30.5mm,Matière:Plastique,Forme:Rectangle,Genre:Femme
3011;0;Lunettes de vue Ray Ban  0RX5150 5776 52;32,33;81,99;1;50,64;0RX5150 5776 52;3;2;8053672876215;10;Longueur des branches:135mm,Largeur d'un verre:52mm,Largeur du pont:19mm,Largeur totale:123mm,Hauteur d'un verre:31.6mm,Matière:Plastique,Forme:Rectangle,Genre:Femme
3012;0;Lunettes de vue Ray Ban  CLUBMASTER 0RX5154 2012 49;32,33;86,99;1;54,21;0RX5154 2012 49;3;2;0805289345015;10;Longueur des branches:140mm,Largeur d'un verre:50mm,Largeur du pont:21mm,Largeur totale:121mm,Hauteur d'un verre:38.3mm,Matière:Plastique,Forme:Carré,Genre:Mixte
3013;0;Lunettes de vue Ray Ban  0RX5169 2383 54;32,33;81,99;1;50,64;0RX5169 2383 54;3;2;0805289297055;10;Longueur des branches:140mm,Largeur d'un verre:54mm,Largeur du pont:16mm,Largeur totale:124mm,Hauteur d'un verre:31.8mm,Matière:Plastique,Forme:Rectangle,Genre:Homme
3014;0;Lunettes de vue Ray Ban  0RX5169 5240 54;32,33;81,99;1;50,64;0RX5169 5240 54;3;2;8053672629347;10;Longueur des branches:140mm,Largeur d'un verre:54mm,Largeur du pont:16mm,Largeur totale:124mm,Hauteur d'un verre:31.8mm,Matière:Plastique,Forme:Rectangle,Genre:Homme
3015;0;Lunettes de vue Ray Ban  0RX5169 5817 54;32,33;81,99;1;50,64;0RX5169 5817 54;3;2;8053672927887;10;Longueur des branches:140mm,Largeur d'un verre:54mm,Largeur du pont:16mm,Largeur totale:124mm,Hauteur d'un verre:31.8mm,Matière:Plastique,Forme:Rectangle,Genre:Homme
3016;0;Lunettes de vue Ray Ban  RX5255 0RX5255 5777 51;32,33;86,99;1;54,21;0RX5255 5777 51;3;2;8053672876406;10;Longueur des branches:135mm,Largeur d'un verre:51mm,Largeur du pont:16mm,Largeur totale:118mm,Hauteur d'un verre:32.7mm,Matière:Plastique,Forme:Carré,Genre:Femme
3017;0;Lunettes de vue Ray Ban  NEW WAYFARER 0RX5184 5799 54;32,33;86,99;1;54,21;0RX5184 5799 54;3;2;8053672927573;10;Longueur des branches:145mm,Largeur d'un verre:54mm,Largeur du pont:18mm,Largeur totale:126mm,Hauteur d'un verre:40.1mm,Matière:Plastique,Forme:Carré,Genre:Mixte
3018;0;Lunettes de vue Ray Ban  0RX5298 5386 53;32,33;86,99;1;54,21;0RX5298 5386 53;3;2;8053672234909;10;Longueur des branches:135mm,Largeur d'un verre:53mm,Largeur du pont:17mm,Largeur totale:123mm,Hauteur d'un verre:37.2mm,Matière:Plastique,Forme:Papillon,Genre:Femme
3019;0;Lunettes de vue Ray Ban  0RX5298 5023 51;32,33;86,99;1;54,21;0RX5298 5023 51;3;2;8053672685909;10;Longueur des branches:135mm,Largeur d'un verre:51mm,Largeur du pont:17mm,Largeur totale:119mm,Hauteur d'un verre:35.8mm,Matière:Plastique,Forme:Papillon,Genre:Femme
3020;0;Lunettes de vue Ray Ban  0RX5298 5024 51;32,33;86,99;1;54,21;0RX5298 5024 51;3;2;8053672685930;10;Longueur des branches:135mm,Largeur d'un verre:51mm,Largeur du pont:17mm,Largeur totale:119mm,Hauteur d'un verre:35.8mm,Matière:Plastique,Forme:Papillon,Genre:Femme
3021;0;Lunettes de vue Ray Ban  0RX5285 5763 53;32,33;86,99;1;54,21;0RX5285 5763 53;3;2;8053672833720;10;Longueur des branches:145mm,Largeur d'un verre:53mm,Largeur du pont:19mm,Largeur totale:125mm,Hauteur d'un verre:42.6mm,Matière:Plastique,Forme:Carré,Genre:Mixte
3022;0;Lunettes de vue Ray Ban  0RX5283 2144 49;32,33;86,99;1;54,21;0RX5283 2144 49;3;2;0713132447406;10;Longueur des branches:145mm,Largeur d'un verre:49mm,Largeur du pont:21mm,Largeur totale:119mm,Hauteur d'un verre:43.3mm,Matière:Plastique,Forme:Pantos,Genre:Homme
3023;0;Lunettes de vue Ray Ban  0RX5283 5607 49;32,33;86,99;1;54,21;0RX5283 5607 49;3;2;8053672554571;10;Longueur des branches:145mm,Largeur d'un verre:49mm,Largeur du pont:21mm,Largeur totale:119mm,Hauteur d'un verre:43.3mm,Matière:Plastique,Forme:Pantos,Genre:Homme
3024;0;Lunettes de vue Ray Ban  0RX5283 5773 47;32,33;86,99;1;54,21;0RX5283 5773 47;3;2;8053672876529;10;Longueur des branches:145mm,Largeur d'un verre:47mm,Largeur du pont:21mm,Largeur totale:115mm,Hauteur d'un verre:41.6mm,Matière:Plastique,Forme:Pantos,Genre:Homme
3025;0;Lunettes de vue Ray Ban  0RX5287 2000 52;32,33;86,99;1;54,21;0RX5287 2000 52;3;2;8053672005288;10;Longueur des branches:140mm,Largeur d'un verre:52mm,Largeur du pont:18mm,Largeur totale:122mm,Hauteur d'un verre:35.3mm,Matière:Plastique,Forme:Carré,Genre:Homme
3026;0;Lunettes de vue Ray Ban  0RX5287 2034 52;32,33;86,99;1;54,21;0RX5287 2034 52;3;2;8053672186895;10;Longueur des branches:140mm,Largeur d'un verre:52mm,Largeur du pont:18mm,Largeur totale:122mm,Hauteur d'un verre:35.3mm,Matière:Plastique,Forme:Carré,Genre:Homme
3027;0;Lunettes de vue Ray Ban  0RX5287 5712 52;32,33;86,99;1;54,21;0RX5287 5712 52;3;2;8053672783889;10;Longueur des branches:140mm,Largeur d'un verre:52mm,Largeur du pont:18mm,Largeur totale:122mm,Hauteur d'un verre:35.3mm,Matière:Plastique,Forme:Carré,Genre:Homme
3028;0;Lunettes de vue Ray Ban  0RX5279 2012 53;32,33;86,99;1;54,21;0RX5279 2012 53;3;2;0713132442982;10;Longueur des branches:145mm,Largeur d'un verre:53mm,Largeur du pont:18mm,Largeur totale:124mm,Hauteur d'un verre:37.0mm,Matière:Plastique,Forme:Carré,Genre:Homme
3029;0;Lunettes de vue Ray Ban  0RX5279 5775 55;32,33;86,99;1;54,21;0RX5279 5775 55;3;2;8053672876482;10;Longueur des branches:145mm,Largeur d'un verre:55mm,Largeur du pont:18mm,Largeur totale:128mm,Hauteur d'un verre:38.4mm,Matière:Plastique,Forme:Carré,Genre:Homme
3030;0;Lunettes de vue Ray Ban  0RX5279 5774 53;32,33;86,99;1;54,21;0RX5279 5774 53;3;2;8053672876475;10;Longueur des branches:145mm,Largeur d'un verre:53mm,Largeur du pont:18mm,Largeur totale:124mm,Hauteur d'un verre:37.0mm,Matière:Plastique,Forme:Carré,Genre:Homme
3031;0;Lunettes de vue Ray Ban  0RX5277 2000 52;32,33;81,99;1;50,64;0RX5277 2000 52;3;2;0713132447185;10;Longueur des branches:140mm,Largeur d'un verre:52mm,Largeur du pont:17mm,Largeur totale:121mm,Hauteur d'un verre:29.9mm,Matière:Plastique,Forme:Rectangle,Genre:Homme
3032;0;Lunettes de vue Ray Ban  0RX5277 2012 52;32,33;81,99;1;50,64;0RX5277 2012 52;3;2;0713132447208;10;Longueur des branches:140mm,Largeur d'un verre:52mm,Largeur du pont:17mm,Largeur totale:121mm,Hauteur d'un verre:29.9mm,Matière:Plastique,Forme:Rectangle,Genre:Homme
3033;0;Lunettes de vue Ray Ban  0RX5279F 2012 55;32,33;86,99;1;54,21;0RX5279F 2012 55;3;2;0713132452066;10;Longueur des branches:145mm,Largeur d'un verre:55mm,Largeur du pont:18mm,Largeur totale:128mm,Hauteur d'un verre:38.4mm,Matière:Plastique,Forme:Carré,Genre:Homme
3034;0;Lunettes de vue Ray Ban  0RX8411 2714 56;32,33;109,99;1;68,5;0RX8411 2714 56;3;2;8053672278934;10;Longueur des branches:140mm,Largeur d'un verre:56mm,Largeur du pont:17mm,Largeur totale:129mm,Hauteur d'un verre:35.4mm,Matière:Métal,Forme:Rectangle,Genre:Homme
3035;0;Lunettes de vue Ray Ban  0RX8412 2503 54;32,33;109,99;1;68,5;0RX8412 2503 54;3;2;8053672060874;10;Longueur des branches:145mm,Largeur d'un verre:54mm,Largeur du pont:17mm,Largeur totale:125mm,Hauteur d'un verre:30.1mm,Matière:Métal,Forme:Rectangle,Genre:Homme
3036;0;Lunettes de vue Ray Ban  0RX5245 2034 52;32,33;81,99;1;50,64;0RX5245 2034 52;3;2;0805289517443;10;Longueur des branches:140mm,Largeur d'un verre:52mm,Largeur du pont:17mm,Largeur totale:121mm,Hauteur d'un verre:33.4mm,Matière:Plastique,Forme:Carré,Genre:Homme
3037;0;Lunettes de vue Ray Ban  0RX5245 5608 52;32,33;81,99;1;50,64;0RX5245 5608 52;3;2;8053672554496;10;Longueur des branches:140mm,Largeur d'un verre:52mm,Largeur du pont:17mm,Largeur totale:121mm,Hauteur d'un verre:33.4mm,Matière:Plastique,Forme:Carré,Genre:Homme
3038;0;Lunettes de vue Ray Ban  0RX5246 2034 50;32,33;69,99;1;43,5;0RX5246 2034 50;3;2;0805289523291;10;Longueur des branches:135mm,Largeur d'un verre:50mm,Largeur du pont:16mm,Largeur totale:116mm,Hauteur d'un verre:25.4mm,Matière:Plastique,Forme:Rectangle,Genre:Homme
3039;0;Lunettes de vue Ray Ban  0RX7017 5197 54;32,33;86,99;1;54,21;0RX7017 5197 54;3;2;8053672061826;10;Longueur des branches:145mm,Largeur d'un verre:54mm,Largeur du pont:17mm,Largeur totale:125mm,Hauteur d'un verre:32.7mm,Matière:Plastique,Forme:Rectangle,Genre:Homme
3040;0;Lunettes de vue Ray Ban  0RX7017 2000 54;32,33;86,99;1;54,21;0RX7017 2000 54;3;2;8053672430363;10;Longueur des branches:145mm,Largeur d'un verre:54mm,Largeur du pont:17mm,Largeur totale:125mm,Hauteur d'un verre:32.7mm,Matière:Plastique,Forme:Rectangle,Genre:Homme
3041;0;Lunettes de vue Ray Ban  0RX7017 5197 52;32,33;86,99;1;54,21;0RX7017 5197 52;3;2;8053672690156;10;Longueur des branches:140mm,Largeur d'un verre:53mm,Largeur du pont:17mm,Largeur totale:123mm,Hauteur d'un verre:31.8mm,Matière:Plastique,Forme:Rectangle,Genre:Homme
3042;0;Lunettes de vue Ray Ban  0RX7017 5574 52;32,33;86,99;1;54,21;0RX7017 5574 52;3;2;8053672690255;10;Longueur des branches:140mm,Largeur d'un verre:53mm,Largeur du pont:17mm,Largeur totale:123mm,Hauteur d'un verre:31.8mm,Matière:Plastique,Forme:Rectangle,Genre:Homme
3043;0;Lunettes de vue Ray Ban  0RX7017 5752 52;32,33;86,99;1;54,21;0RX7017 5752 52;3;2;8053672875911;10;Longueur des branches:140mm,Largeur d'un verre:53mm,Largeur du pont:17mm,Largeur totale:123mm,Hauteur d'un verre:31.8mm,Matière:Plastique,Forme:Rectangle,Genre:Homme
3044;0;Lunettes de vue Ray Ban  0RX5268 5583 52;32,33;69,99;1;43,5;0RX5268 5583 52;3;2;8053672503289;10;Longueur des branches:135mm,Largeur d'un verre:52mm,Largeur du pont:17mm,Largeur totale:121mm,Hauteur d'un verre:35.0mm,Matière:Plastique,Forme:Rectangle,Genre:Mixte
3045;0;Lunettes de vue Ray Ban  0RX5268 5675 50;32,33;69,99;1;43,5;0RX5268 5675 50;3;2;8053672685244;10;Longueur des branches:135mm,Largeur d'un verre:50mm,Largeur du pont:17mm,Largeur totale:117mm,Hauteur d'un verre:33.6mm,Matière:Plastique,Forme:Rectangle,Genre:Mixte
3046;0;Lunettes de vue Ray Ban  0RX5228F 2000 53;32,33;86,99;1;54,21;0RX5228F 2000 53;3;2;8053672139952;10;Longueur des branches:140mm,Largeur d'un verre:53mm,Largeur du pont:17mm,Largeur totale:123mm,Hauteur d'un verre:36.6mm,Matière:Plastique,Forme:Carré,Genre:Femme
3047;0;Lunettes de vue Ray Ban  0RX5228F 2000 55;32,33;86,99;1;54,21;0RX5228F 2000 55;3;2;8053672350067;10;Longueur des branches:140mm,Largeur d'un verre:55mm,Largeur du pont:17mm,Largeur totale:127mm,Hauteur d'un verre:38.0mm,Matière:Plastique,Forme:Carré,Genre:Femme
3048;0;Lunettes de vue Ray Ban  0RX5228F 2479 55;32,33;86,99;1;54,21;0RX5228F 2479 55;3;2;8053672350081;10;Longueur des branches:140mm,Largeur d'un verre:55mm,Largeur du pont:17mm,Largeur totale:127mm,Hauteur d'un verre:38.0mm,Matière:Plastique,Forme:Carré,Genre:Femme
3049;0;Lunettes de vue Ray Ban  0RX8724 1000 56;32,33;103,99;1;64,93;0RX8724 1000 56;3;2;8053672164725;10;Longueur des branches:145mm,Largeur d'un verre:56mm,Largeur du pont:17mm,Largeur totale:129mm,Hauteur d'un verre:32.0mm,Matière:Titane,Forme:Rectangle,Genre:Homme
3050;0;Lunettes de vue Ray Ban  0RX8724 1202 56;32,33;103,99;1;64,93;0RX8724 1202 56;3;2;8053672928259;10;Longueur des branches:145mm,Largeur d'un verre:56mm,Largeur du pont:17mm,Largeur totale:129mm,Hauteur d'un verre:32.0mm,Matière:Titane,Forme:Rectangle,Genre:Homme
3051;0;Lunettes de vue Ray Ban  0RX8724 1203 54;32,33;103,99;1;64,93;0RX8724 1203 54;3;2;8053672928280;10;Longueur des branches:140mm,Largeur d'un verre:54mm,Largeur du pont:17mm,Largeur totale:125mm,Hauteur d'un verre:30.9mm,Matière:Titane,Forme:Rectangle,Genre:Homme
3052;0;Lunettes de vue Ray Ban  0RX8724 1201 54;32,33;103,99;1;64,93;0RX8724 1201 54;3;2;8053672928242;10;Longueur des branches:140mm,Largeur d'un verre:54mm,Largeur du pont:17mm,Largeur totale:125mm,Hauteur d'un verre:30.9mm,Matière:Titane,Forme:Rectangle,Genre:Homme
3053;0;Lunettes de vue Ray Ban  0RX8901 5244 53;32,33;109,99;1;68,5;0RX8901 5244 53;3;2;8053672187694;10;Longueur des branches:145mm,Largeur d'un verre:54mm,Largeur du pont:17mm,Largeur totale:125mm,Hauteur d'un verre:33.1mm,Matière:Plastique,Forme:Rectangle,Genre:Homme
3054;0;Lunettes de vue Ray Ban  0RX7029 2077 55;32,33;86,99;1;54,21;0RX7029 2077 55;3;2;8053672235524;10;Longueur des branches:145mm,Largeur d'un verre:55mm,Largeur du pont:17mm,Largeur totale:127mm,Hauteur d'un verre:38.6mm,Matière:Plastique,Forme:Carré,Genre:Homme
3055;0;Lunettes de vue Ray Ban  0RX7032 5772 52;32,33;103,99;1;64,93;0RX7032 5772 52;3;2;8053672876000;10;Longueur des branches:145mm,Largeur d'un verre:52mm,Largeur du pont:17mm,Largeur totale:121mm,Hauteur d'un verre:37.9mm,Matière:Plastique,Forme:Carré,Genre:Mixte
3056;0;Lunettes de vue Ray Ban  0RX7031 2000 55;32,33;103,99;1;64,93;0RX7031 2000 55;3;2;8053672234404;10;Longueur des branches:145mm,Largeur d'un verre:55mm,Largeur du pont:17mm,Largeur totale:127mm,Hauteur d'un verre:36.6mm,Matière:Plastique,Forme:Rectangle,Genre:Homme
3057;0;Lunettes de vue Ray Ban  0RX7031 2301 53;32,33;103,99;1;64,93;0RX7031 2301 53;3;2;8053672234367;10;Longueur des branches:140mm,Largeur d'un verre:53mm,Largeur du pont:17mm,Largeur totale:123mm,Hauteur d'un verre:35.2mm,Matière:Plastique,Forme:Rectangle,Genre:Homme
3058;0;Lunettes de vue Ray Ban  ROUND METAL 0RX3447V 2503 47;32,33;81,99;1;50,64;0RX3447V 2503 47;3;2;8053672357004;10;Longueur des branches:140mm,Largeur d'un verre:48mm,Largeur du pont:21mm,Largeur totale:117mm,Hauteur d'un verre:44.2mm,Matière:Métal,Forme:Pantos,Genre:Homme
3059;0;Lunettes de vue Ray Ban  ROUND METAL 0RX3447V 2620 47;32,33;81,99;1;50,64;0RX3447V 2620 47;3;2;8053672357028;10;Longueur des branches:140mm,Largeur d'un verre:48mm,Largeur du pont:21mm,Largeur totale:117mm,Hauteur d'un verre:44.2mm,Matière:Métal,Forme:Pantos,Genre:Homme
3060;0;Lunettes de vue Ray Ban  ROUND METAL 0RX3447V 2945 47;32,33;81,99;1;50,64;0RX3447V 2945 47;3;2;8053672875249;10;Longueur des branches:140mm,Largeur d'un verre:48mm,Largeur du pont:21mm,Largeur totale:117mm,Hauteur d'un verre:44.2mm,Matière:Métal,Forme:Pantos,Genre:Homme
3061;0;Lunettes de vue Ray Ban  ROUND METAL 0RX3447V 2991 47;32,33;81,99;1;50,64;0RX3447V 2991 47;3;2;8053672882612;10;Longueur des branches:140mm,Largeur d'un verre:48mm,Largeur du pont:21mm,Largeur totale:117mm,Hauteur d'un verre:44.2mm,Matière:Métal,Forme:Pantos,Genre:Homme
3062;0;Lunettes de vue Ray Ban  ROUND 0RX2447V 8033 49;32,33;86,99;1;54,21;0RX2447V 8033 49;3;2;8053672727784;10;Longueur des branches:145mm,Largeur d'un verre:49mm,Largeur du pont:21mm,Largeur totale:119mm,Hauteur d'un verre:46.6mm,Matière:Plastique,Forme:Pantos,Genre:Homme
3063;0;Lunettes de vue Ray Ban  0RX2180V 2000 47;32,33;75,99;1;47,07;0RX2180V 2000 47;3;2;8053672356823;10;Longueur des branches:145mm,Largeur d'un verre:47mm,Largeur du pont:21mm,Largeur totale:115mm,Hauteur d'un verre:44.9mm,Matière:Plastique,Forme:Pantos,Genre:Homme
3064;0;Lunettes de vue Ray Ban  0RX7047 5768 56;32,33;69,99;1;43,5;0RX7047 5768 56;3;2;8053672833416;10;Longueur des branches:145mm,Largeur d'un verre:56mm,Largeur du pont:17mm,Largeur totale:129mm,Hauteur d'un verre:38.9mm,Matière:Plastique,Forme:Rectangle,Genre:Homme
3065;0;Lunettes de vue Ray Ban  0RX7047 5770 56;32,33;69,99;1;43,5;0RX7047 5770 56;3;2;8053672833454;10;Longueur des branches:145mm,Largeur d'un verre:56mm,Largeur du pont:17mm,Largeur totale:129mm,Hauteur d'un verre:38.9mm,Matière:Plastique,Forme:Rectangle,Genre:Homme
3066;0;Lunettes de vue Ray Ban  0RX7046 5365 51;32,33;69,99;1;43,5;0RX7046 5365 51;3;2;8053672357844;10;Longueur des branches:140mm,Largeur d'un verre:52mm,Largeur du pont:18mm,Largeur totale:122mm,Hauteur d'un verre:44.5mm,Matière:Plastique,Forme:Rectangle,Genre:Femme
3067;0;Lunettes de vue Ray Ban  0RX7046 5602 51;32,33;69,99;1;43,5;0RX7046 5602 51;3;2;8053672558166;10;Longueur des branches:140mm,Largeur d'un verre:52mm,Largeur du pont:18mm,Largeur totale:122mm,Hauteur d'un verre:44.5mm,Matière:Plastique,Forme:Rectangle,Genre:Femme
3068;0;Lunettes de vue Ray Ban  0RX7046 5820 51;32,33;69,99;1;43,5;0RX7046 5820 51;3;2;8053672928341;10;Longueur des branches:140mm,Largeur d'un verre:52mm,Largeur du pont:18mm,Largeur totale:122mm,Hauteur d'un verre:44.5mm,Matière:Plastique,Forme:Rectangle,Genre:Femme
3069;0;Lunettes de vue Ray Ban  0RX6335 3010 54;32,33;81,99;1;50,64;0RX6335 3010 54;3;2;8053672927917;10;Longueur des branches:145mm,Largeur d'un verre:54mm,Largeur du pont:17mm,Largeur totale:125mm,Hauteur d'un verre:35.9mm,Matière:Métal,Forme:Rectangle,Genre:Homme
3070;0;Lunettes de vue Ray Ban  0RX7056 2000 53;32,33;81,99;1;50,64;0RX7056 2000 53;3;2;8053672403008;10;Longueur des branches:145mm,Largeur d'un verre:54mm,Largeur du pont:17mm,Largeur totale:125mm,Hauteur d'un verre:36.1mm,Matière:Plastique,Forme:Rectangle,Genre:Homme
3071;0;Lunettes de vue Ray Ban  0RX7056 2012 53;32,33;81,99;1;50,64;0RX7056 2012 53;3;2;8053672403015;10;Longueur des branches:145mm,Largeur d'un verre:54mm,Largeur du pont:17mm,Largeur totale:125mm,Hauteur d'un verre:36.1mm,Matière:Plastique,Forme:Rectangle,Genre:Homme
3072;0;Lunettes de vue Ray Ban  0RX7053 5365 52;32,33;69,99;1;43,5;0RX7053 5365 52;3;2;8053672402735;10;Longueur des branches:140mm,Largeur d'un verre:53mm,Largeur du pont:17mm,Largeur totale:123mm,Hauteur d'un verre:36.6mm,Matière:Plastique,Forme:Carré,Genre:Mixte
3073;0;Lunettes de vue Ray Ban  0RX7051 5200 49;32,33;103,99;1;64,93;0RX7051 5200 49;3;2;8053672402681;10;Longueur des branches:140mm,Largeur d'un verre:49mm,Largeur du pont:20mm,Largeur totale:118mm,Hauteur d'un verre:41.3mm,Matière:Plastique,Forme:Rectangle,Genre:Mixte
3074;0;Lunettes de vue Ray Ban  0RX6346 2861 52;32,33;81,99;1;50,64;0RX6346 2861 52;3;2;8053672456394;10;Longueur des branches:145mm,Largeur d'un verre:52mm,Largeur du pont:19mm,Largeur totale:123mm,Hauteur d'un verre:40.5mm,Matière:Métal,Forme:Carré,Genre:Mixte
3075;0;Lunettes de vue Ray Ban  0RX6346 2904 52;32,33;81,99;1;50,64;0RX6346 2904 52;3;2;8053672686425;10;Longueur des branches:145mm,Largeur d'un verre:52mm,Largeur du pont:19mm,Largeur totale:123mm,Hauteur d'un verre:40.5mm,Matière:Métal,Forme:Carré,Genre:Mixte
3076;0;Lunettes de vue Ray Ban  0RX6346 2973 50;32,33;81,99;1;50,64;0RX6346 2973 50;3;2;8053672836707;10;Longueur des branches:140mm,Largeur d'un verre:50mm,Largeur du pont:19mm,Largeur totale:119mm,Hauteur d'un verre:39.0mm,Matière:Métal,Forme:Carré,Genre:Mixte
3077;0;Lunettes de vue Ray Ban  0RX6346 3023 50;32,33;81,99;1;50,64;0RX6346 3023 50;3;2;8053672981063;10;Longueur des branches:140mm,Largeur d'un verre:50mm,Largeur du pont:19mm,Largeur totale:119mm,Hauteur d'un verre:39.0mm,Matière:Métal,Forme:Carré,Genre:Mixte
3078;0;Lunettes de vue Ray Ban  0RX7066 5847 54;32,33;69,99;1;43,5;0RX7066 5847 54;3;2;8053672979862;10;Longueur des branches:145mm,Largeur d'un verre:55mm,Largeur du pont:17mm,Largeur totale:127mm,Hauteur d'un verre:44.2mm,Matière:Plastique,Forme:Carré,Genre:Homme
3079;0;Lunettes de vue Ray Ban  0RX7063 8018 52;32,33;81,99;1;50,64;0RX7063 8018 52;3;2;8053672782837;10;Longueur des branches:145mm,Largeur d'un verre:53mm,Largeur du pont:18mm,Largeur totale:124mm,Hauteur d'un verre:36.2mm,Matière:Plastique,Forme:Rectangle,Genre:Homme
3080;0;Lunettes de vue Ray Ban  0RX7063 8019 54;32,33;81,99;1;50,64;0RX7063 8019 54;3;2;8053672782806;10;Longueur des branches:145mm,Largeur d'un verre:55mm,Largeur du pont:18mm,Largeur totale:128mm,Hauteur d'un verre:37.5mm,Matière:Plastique,Forme:Rectangle,Genre:Homme
3081;0;Lunettes de vue Ray Ban  0RX7073 5588 49;32,33;98,99;1;61,36;0RX7073 5588 49;3;2;8053672505245;10;Longueur des branches:140mm,Largeur d'un verre:49mm,Largeur du pont:21mm,Largeur totale:119mm,Hauteur d'un verre:46.3mm,Matière:Plastique,Forme:Pantos,Genre:Mixte
3082;0;Lunettes de vue Ray Ban  0RX6361 2861 52;32,33;81,99;1;50,64;0RX6361 2861 52;3;2;8053672551747;10;Longueur des branches:140mm,Largeur d'un verre:52mm,Largeur du pont:17mm,Largeur totale:121mm,Hauteur d'un verre:34.6mm,Matière:Métal,Forme:Rectangle,Genre:Homme
3083;0;Lunettes de vue Ray Ban  0RX6362 2509 55;32,33;81,99;1;50,64;0RX6362 2509 55;3;2;8053672551990;10;Longueur des branches:145mm,Largeur d'un verre:55mm,Largeur du pont:19mm,Largeur totale:129mm,Hauteur d'un verre:40.5mm,Matière:Métal,Forme:Carré,Genre:Homme
3084;0;Lunettes de vue Ray Ban  0RX6360 2553 49;32,33;79,99;1;49,64;0RX6360 2553 49;3;2;8053672551648;10;Longueur des branches:140mm,Largeur d'un verre:50mm,Largeur du pont:20mm,Largeur totale:120mm,Hauteur d'un verre:37.8mm,Matière:Métal,Forme:Carré,Genre:Mixte
3085;0;Lunettes de vue Ray Ban  0RX6360 2920 49;32,33;81,99;1;50,64;0RX6360 2920 49;3;2;8053672728156;10;Longueur des branches:140mm,Largeur d'un verre:50mm,Largeur du pont:20mm,Largeur totale:120mm,Hauteur d'un verre:37.8mm,Matière:Métal,Forme:Carré,Genre:Mixte
3086;0;Lunettes de vue Ray Ban  0RX6360 2921 49;32,33;81,99;1;50,64;0RX6360 2921 49;3;2;8053672728170;10;Longueur des branches:140mm,Largeur d'un verre:50mm,Largeur du pont:20mm,Largeur totale:120mm,Hauteur d'un verre:37.8mm,Matière:Métal,Forme:Carré,Genre:Mixte
3087;0;Lunettes de vue Ray Ban  0RX7074 5364 50;32,33;69,99;1;43,5;0RX7074 5364 50;3;2;8053672552164;10;Longueur des branches:145mm,Largeur d'un verre:51mm,Largeur du pont:18mm,Largeur totale:120mm,Hauteur d'un verre:40.8mm,Matière:Plastique,Forme:Carré,Genre:Mixte
3088;0;Lunettes de vue Ray Ban  0RX7074 5863 50;32,33;69,99;1;43,5;0RX7074 5863 50;3;2;8053672988093;10;Longueur des branches:145mm,Largeur d'un verre:51mm,Largeur du pont:18mm,Largeur totale:120mm,Hauteur d'un verre:40.8mm,Matière:Plastique,Forme:Carré,Genre:Mixte
3089;0;Lunettes de vue Ray Ban  0RX7078 5599 51;32,33;81,99;1;50,64;0RX7078 5599 51;3;2;8053672552331;10;Longueur des branches:145mm,Largeur d'un verre:52mm,Largeur du pont:18mm,Largeur totale:122mm,Hauteur d'un verre:40.3mm,Matière:Plastique,Forme:Carré,Genre:Homme
3090;0;Lunettes de vue Ray Ban  0RX7078 5850 53;32,33;81,99;1;50,64;0RX7078 5850 53;3;2;8053672979923;10;Longueur des branches:145mm,Largeur d'un verre:54mm,Largeur du pont:18mm,Largeur totale:126mm,Hauteur d'un verre:41.9mm,Matière:Plastique,Forme:Carré,Genre:Homme
3091;0;Lunettes de vue Ray Ban  CLUBROUND 0RX4246V 2000 47;32,33;86,99;1;54,21;0RX4246V 2000 47;3;2;8053672552072;10;Longueur des branches:140mm,Largeur d'un verre:47mm,Largeur du pont:19mm,Largeur totale:113mm,Hauteur d'un verre:42.4mm,Matière:Plastique,Forme:Pantos,Genre:Mixte
3092;0;Lunettes de vue Ray Ban  CLUBROUND 0RX4246V 2372 47;32,33;86,99;1;54,21;0RX4246V 2372 47;3;2;8053672552096;10;Longueur des branches:140mm,Largeur d'un verre:47mm,Largeur du pont:19mm,Largeur totale:113mm,Hauteur d'un verre:42.4mm,Matière:Plastique,Forme:Pantos,Genre:Mixte
3093;0;Lunettes de vue Ray Ban  CLUBROUND 0RX4246V 5751 49;32,33;86,99;1;54,21;0RX4246V 5751 49;3;2;8053672832907;10;Longueur des branches:140mm,Largeur d'un verre:49mm,Largeur du pont:19mm,Largeur totale:117mm,Hauteur d'un verre:44.2mm,Matière:Plastique,Forme:Pantos,Genre:Mixte
3094;0;Lunettes de vue Ray Ban  CLUBROUND 0RX4246V 2001 47;32,33;86,99;1;54,21;0RX4246V 2001 47;3;2;8053672832938;10;Longueur des branches:140mm,Largeur d'un verre:47mm,Largeur du pont:19mm,Largeur totale:113mm,Hauteur d'un verre:42.4mm,Matière:Plastique,Forme:Pantos,Genre:Mixte
3095;0;Lunettes de vue Ray Ban  0RX8952 5604 53;32,33;96,99;1;60,36;0RX8952 5604 53;3;2;8053672568578;10;Longueur des branches:145mm,Largeur d'un verre:53mm,Largeur du pont:19mm,Largeur totale:125mm,Hauteur d'un verre:36.8mm,Matière:Plastique,Forme:Rectangle,Genre:Homme
3096;0;Lunettes de vue Ray Ban  0RX5353 5629 50;32,33;86,99;1;54,21;0RX5353 5629 50;3;2;8053672603057;10;Longueur des branches:145mm,Largeur d'un verre:50mm,Largeur du pont:19mm,Largeur totale:119mm,Hauteur d'un verre:38.4mm,Matière:Plastique,Forme:Carré,Genre:Homme
3097;0;Lunettes de vue Ray Ban  0RX5352 2012 52;32,33;86,99;1;54,21;0RX5352 2012 52;3;2;8053672602913;10;Longueur des branches:145mm,Largeur d'un verre:52mm,Largeur du pont:19mm,Largeur totale:123mm,Hauteur d'un verre:43.8mm,Matière:Plastique,Forme:Carré,Genre:Mixte
3098;0;Lunettes de vue Ray Ban  0RX7084 5585 54;32,33;67,99;1;42,5;0RX7084 5585 54;3;2;8053672603118;10;Longueur des branches:140mm,Largeur d'un verre:55mm,Largeur du pont:18mm,Largeur totale:128mm,Hauteur d'un verre:37.4mm,Matière:Plastique,Forme:Rectangle,Genre:Homme
3099;0;Lunettes de vue Ray Ban  0RX6363 2861 52;32,33;81,99;1;50,64;0RX6363 2861 52;3;2;8053672602555;10;Longueur des branches:145mm,Largeur d'un verre:53mm,Largeur du pont:18mm,Largeur totale:124mm,Hauteur d'un verre:38.5mm,Matière:Métal,Forme:Carré,Genre:Mixte
3100;0;Lunettes de vue Ray Ban  0RX5283F 5675 51;32,33;86,99;1;54,21;0RX5283F 5675 51;3;2;8053672789195;10;Longueur des branches:145mm,Largeur d'un verre:51mm,Largeur du pont:21mm,Largeur totale:123mm,Hauteur d'un verre:45.1mm,Matière:Plastique,Forme:Pantos,Genre:Homme
3101;0;Lunettes de vue Ray Ban  OVAL 0RX3547V 2970 51;32,33;81,99;1;50,64;0RX3547V 2970 51;3;2;8053672931402;10;Longueur des branches:145mm,Largeur d'un verre:51mm,Largeur du pont:21mm,Largeur totale:123mm,Hauteur d'un verre:39.7mm,Matière:Métal,Forme:Ovale,Genre:Mixte
3102;0;Lunettes de vue Ray Ban  0RX7097 5725 49;32,33;86,99;1;54,21;0RX7097 5725 49;3;2;8053672783728;10;Longueur des branches:145mm,Largeur d'un verre:50mm,Largeur du pont:21mm,Largeur totale:121mm,Hauteur d'un verre:46.6mm,Matière:Plastique,Forme:Pantos,Genre:Mixte
3103;0;Lunettes de vue Ray Ban  0RX7098 5725 48;32,33;86,99;1;54,21;0RX7098 5725 48;3;2;8053672783667;10;Longueur des branches:145mm,Largeur d'un verre:49mm,Largeur du pont:21mm,Largeur totale:119mm,Hauteur d'un verre:41.8mm,Matière:Plastique,Forme:Carré,Genre:Homme
3104;0;Lunettes de vue Ray Ban  0RX5354 5676 48;32,33;92,99;1;57,79;0RX5354 5676 48;3;2;8053672670950;10;Longueur des branches:145mm,Largeur d'un verre:48mm,Largeur du pont:21mm,Largeur totale:117mm,Hauteur d'un verre:42.1mm,Matière:Plastique,Forme:Carré,Genre:Mixte
3105;0;Lunettes de vue Ray Ban  0RX5356 5765 52;32,33;86,99;1;54,21;0RX5356 5765 52;3;2;8053672833782;10;Longueur des branches:145mm,Largeur d'un verre:52mm,Largeur du pont:19mm,Largeur totale:123mm,Hauteur d'un verre:41.4mm,Matière:Plastique,Forme:Carré,Genre:Mixte
3106;0;Lunettes de vue Ray Ban  0RX5356 5767 54;32,33;86,99;1;54,21;0RX5356 5767 54;3;2;8053672833836;10;Longueur des branches:145mm,Largeur d'un verre:54mm,Largeur du pont:19mm,Largeur totale:127mm,Hauteur d'un verre:43.0mm,Matière:Plastique,Forme:Carré,Genre:Mixte
3107;0;Lunettes de vue Ray Ban  0RX6377 2905 50;32,33;86,99;1;54,21;0RX6377 2905 50;3;2;8053672667264;10;Longueur des branches:145mm,Largeur d'un verre:50mm,Largeur du pont:21mm,Largeur totale:121mm,Hauteur d'un verre:44.8mm,Matière:Métal,Forme:Carré,Genre:Mixte
3108;0;Lunettes de vue Ray Ban  0RX6375 2950 51;32,33;75,99;1;47,07;0RX6375 2950 51;3;2;8053672767964;10;Longueur des branches:145mm,Largeur d'un verre:51mm,Largeur du pont:18mm,Largeur totale:120mm,Hauteur d'un verre:43.0mm,Matière:Métal,Forme:Pantos,Genre:Mixte
3109;0;Lunettes de vue Ray Ban  0RX6378 2906 49;32,33;86,99;1;54,21;0RX6378 2906 49;3;2;8053672667370;10;Longueur des branches:145mm,Largeur d'un verre:49mm,Largeur du pont:21mm,Largeur totale:119mm,Hauteur d'un verre:45.8mm,Matière:Métal,Forme:Pantos,Genre:Mixte
3110;0;Lunettes de vue Ray Ban  0RX6378 2908 49;32,33;86,99;1;54,21;0RX6378 2908 49;3;2;8053672667417;10;Longueur des branches:145mm,Largeur d'un verre:49mm,Largeur du pont:21mm,Largeur totale:119mm,Hauteur d'un verre:45.8mm,Matière:Métal,Forme:Pantos,Genre:Mixte
3111;0;Lunettes de vue Ray Ban  0RX6378 2973 49;32,33;86,99;1;54,21;0RX6378 2973 49;3;2;8053672834420;10;Longueur des branches:145mm,Largeur d'un verre:49mm,Largeur du pont:21mm,Largeur totale:119mm,Hauteur d'un verre:45.8mm,Matière:Métal,Forme:Pantos,Genre:Mixte
3112;0;Lunettes de vue Ray Ban  0RX6378 2974 49;32,33;86,99;1;54,21;0RX6378 2974 49;3;2;8053672834444;10;Longueur des branches:145mm,Largeur d'un verre:49mm,Largeur du pont:21mm,Largeur totale:119mm,Hauteur d'un verre:45.8mm,Matière:Métal,Forme:Pantos,Genre:Mixte
3113;0;Lunettes de vue Ray Ban  0RX6378 3028 47;32,33;86,99;1;54,21;0RX6378 3028 47;3;2;8053672980622;10;Longueur des branches:140mm,Largeur d'un verre:47mm,Largeur du pont:21mm,Largeur totale:115mm,Hauteur d'un verre:43.9mm,Matière:Métal,Forme:Pantos,Genre:Mixte
3114;0;Lunettes de vue Ray Ban  0RX6378 3027 49;32,33;86,99;1;54,21;0RX6378 3027 49;3;2;8053672980592;10;Longueur des branches:145mm,Largeur d'un verre:49mm,Largeur du pont:21mm,Largeur totale:119mm,Hauteur d'un verre:45.8mm,Matière:Métal,Forme:Pantos,Genre:Mixte
3115;0;Lunettes de vue Ray Ban  0RX8903 5200 55;32,33;109,99;1;68,5;0RX8903 5200 55;3;2;8053672667769;10;Longueur des branches:145mm,Largeur d'un verre:56mm,Largeur du pont:18mm,Largeur totale:130mm,Hauteur d'un verre:40.6mm,Matière:Plastique,Forme:Carré,Genre:Homme
3116;0;Lunettes de vue Ray Ban  0RX8903 5244 53;32,33;109,99;1;68,5;0RX8903 5244 53;3;2;8053672667738;10;Longueur des branches:145mm,Largeur d'un verre:54mm,Largeur du pont:18mm,Largeur totale:126mm,Hauteur d'un verre:39.1mm,Matière:Plastique,Forme:Carré,Genre:Homme
3117;0;Lunettes de vue Ray Ban  0RX6370 2502 55;32,33;81,99;1;50,64;0RX6370 2502 55;3;2;8053672646078;10;Longueur des branches:145mm,Largeur d'un verre:55mm,Largeur du pont:18mm,Largeur totale:128mm,Hauteur d'un verre:32.9mm,Matière:Métal,Forme:Rectangle,Genre:Homme
3118;0;Lunettes de vue Ray Ban  0RX3545V 2912 51;32,33;86,99;1;54,21;0RX3545V 2912 51;3;2;8053672667547;10;Longueur des branches:145mm,Largeur d'un verre:51mm,Largeur du pont:20mm,Largeur totale:122mm,Hauteur d'un verre:46.5mm,Matière:Métal,Forme:Pantos,Genre:Homme
3119;0;Lunettes de vue Ray Ban  0RX6373M 2922 52;32,33;86,99;1;54,21;0RX6373M 2922 52;3;2;8053672683936;10;Longueur des branches:145mm,Largeur d'un verre:52mm,Largeur du pont:20mm,Largeur totale:124mm,Hauteur d'un verre:36.7mm,Matière:Métal,Forme:Pantos,Genre:Homme
3120;0;Lunettes de vue Ray Ban  0RX7163 5200 55;32,33;92,99;1;57,79;0RX7163 5200 55;3;2;8053672666755;10;Longueur des branches:145mm,Largeur d'un verre:56mm,Largeur du pont:19mm,Largeur totale:131mm,Hauteur d'un verre:41.5mm,Matière:Plastique,Forme:Rectangle,Genre:Homme
3121;0;Lunettes de vue Ray Ban  0RX7110 5196 46;32,33;81,99;1;50,64;0RX7110 5196 46;3;2;8053672684032;10;Longueur des branches:145mm,Largeur d'un verre:47mm,Largeur du pont:20mm,Largeur totale:114mm,Hauteur d'un verre:45.0mm,Matière:Plastique,Forme:Pantos,Genre:Femme
3122;0;Lunettes de vue Ray Ban  0RX7112 5682 51;32,33;81,99;1;50,64;0RX7112 5682 51;3;2;8053672667868;10;Longueur des branches:140mm,Largeur d'un verre:52mm,Largeur du pont:20mm,Largeur totale:124mm,Hauteur d'un verre:40.8mm,Matière:Plastique,Forme:Carré,Genre:Mixte
3123;0;Lunettes de vue Ray Ban  0RX7112 5684 51;32,33;81,99;1;50,64;0RX7112 5684 51;3;2;8053672667905;10;Longueur des branches:140mm,Largeur d'un verre:52mm,Largeur du pont:20mm,Largeur totale:124mm,Hauteur d'un verre:40.8mm,Matière:Plastique,Forme:Carré,Genre:Mixte
3124;0;Lunettes de vue Ray Ban  0RX7112 5686 51;32,33;81,99;1;50,64;0RX7112 5686 51;3;2;8053672667943;10;Longueur des branches:140mm,Largeur d'un verre:52mm,Largeur du pont:20mm,Largeur totale:124mm,Hauteur d'un verre:40.8mm,Matière:Plastique,Forme:Carré,Genre:Mixte
3125;0;Lunettes de vue Ray Ban  0RX7112 5729 53;32,33;81,99;1;50,64;0RX7112 5729 53;3;2;8053672782134;10;Longueur des branches:145mm,Largeur d'un verre:53mm,Largeur du pont:20mm,Largeur totale:126mm,Hauteur d'un verre:42.4mm,Matière:Plastique,Forme:Carré,Genre:Mixte
3126;0;Lunettes de vue Ray Ban  0RX7112 5730 51;32,33;81,99;1;50,64;0RX7112 5730 51;3;2;8053672782141;10;Longueur des branches:140mm,Largeur d'un verre:52mm,Largeur du pont:20mm,Largeur totale:124mm,Hauteur d'un verre:40.8mm,Matière:Plastique,Forme:Carré,Genre:Mixte
3127;0;Lunettes de vue Ray Ban  0RX8953 5756 54;32,33;109,99;1;68,5;0RX8953 5756 54;3;2;8053672833553;10;Longueur des branches:140mm,Largeur d'un verre:54mm,Largeur du pont:17mm,Largeur totale:125mm,Hauteur d'un verre:39.0mm,Matière:Plastique,Forme:Rectangle,Genre:Mixte
3128;0;Lunettes de vue Ray Ban  0RX2180C 2509B8 49;32,33;57,99;1;35,79;0RX2180C 2509B8 49;3;2;8053672689464;10;Longueur des branches:0mm,Largeur d'un verre:49mm,Largeur du pont:21mm,Largeur totale:119mm,Hauteur d'un verre:46.8mm,Matière:Métal,Forme:Pantos,Genre:Homme
3129;0;Lunettes de vue Ray Ban  0RX5228C 250071 55;32,33;41,99;1;26,09;0RX5228C 250071 55;3;2;8053672689341;10;Longueur des branches:0mm,Largeur d'un verre:55mm,Largeur du pont:17mm,Largeur totale:127mm,Hauteur d'un verre:38.0mm,Matière:Métal,Forme:Carré,Genre:Homme
3130;0;Lunettes de vue Ray Ban  0RX5228C 2501B7 53;32,33;55,99;1;34,78;0RX5228C 2501B7 53;3;2;8053672689280;10;Longueur des branches:0mm,Largeur d'un verre:53mm,Largeur du pont:17mm,Largeur totale:123mm,Hauteur d'un verre:36.6mm,Matière:Métal,Forme:Carré,Genre:Homme
3131;0;Lunettes de vue Ray Ban  0RX5228C 2509B8 53;32,33;55,99;1;34,78;0RX5228C 2509B8 53;3;2;8053672689297;10;Longueur des branches:0mm,Largeur d'un verre:53mm,Largeur du pont:17mm,Largeur totale:123mm,Hauteur d'un verre:36.6mm,Matière:Métal,Forme:Carré,Genre:Homme
3132;0;Lunettes de vue Ray Ban  0RX6317C 2509B8 51;32,33;55,99;1;34,78;0RX6317C 2509B8 51;3;2;8053672689624;10;Longueur des branches:0mm,Largeur d'un verre:51mm,Largeur du pont:20mm,Largeur totale:122mm,Hauteur d'un verre:40.8mm,Matière:Métal,Forme:Pantos,Genre:Homme
3133;0;Lunettes de vue Ray Ban  THE GENERAL 0RX6389 2501 57;32,33;81,99;1;50,64;0RX6389 2501 57;3;2;8053672728781;10;Longueur des branches:145mm,Largeur d'un verre:57mm,Largeur du pont:16mm,Largeur totale:130mm,Hauteur d'un verre:47.2mm,Matière:Métal,Forme:Carré,Genre:Homme
3134;0;Lunettes de vue Ray Ban  THE GENERAL 0RX6389 2945 55;32,33;81,99;1;50,64;0RX6389 2945 55;3;2;8053672833348;10;Longueur des branches:140mm,Largeur d'un verre:55mm,Largeur du pont:16mm,Largeur totale:126mm,Hauteur d'un verre:45.6mm,Matière:Métal,Forme:Carré,Genre:Homme
3135;0;Lunettes de vue Ray Ban  THE GENERAL 0RX6389 2946 55;32,33;81,99;1;50,64;0RX6389 2946 55;3;2;8053672833362;10;Longueur des branches:140mm,Largeur d'un verre:55mm,Largeur du pont:16mm,Largeur totale:126mm,Hauteur d'un verre:45.6mm,Matière:Métal,Forme:Carré,Genre:Homme
3136;0;Lunettes de vue Ray Ban  0RX7117 5679 50;32,33;92,99;1;57,79;0RX7117 5679 50;3;2;8053672728347;10;Longueur des branches:145mm,Largeur d'un verre:51mm,Largeur du pont:19mm,Largeur totale:121mm,Hauteur d'un verre:40.6mm,Matière:Plastique,Forme:Carré,Genre:Mixte
3137;0;Lunettes de vue Ray Ban  JA-JO 0RX6392 2501 53;32,33;75,99;1;47,07;0RX6392 2501 53;3;2;8053672728866;10;Longueur des branches:145mm,Largeur d'un verre:53mm,Largeur du pont:20mm,Largeur totale:126mm,Hauteur d'un verre:52.9mm,Matière:Métal,Forme:Ronde,Genre:Mixte
3138;0;Lunettes de vue Ray Ban  JA-JO 0RX6392 2969 50;32,33;75,99;1;47,07;0RX6392 2969 50;3;2;8053672833263;10;Longueur des branches:145mm,Largeur d'un verre:50mm,Largeur du pont:20mm,Largeur totale:120mm,Hauteur d'un verre:49.9mm,Matière:Métal,Forme:Ronde,Genre:Mixte
3139;0;Lunettes de vue Ray Ban  JA-JO 0RX6392 3029 50;32,33;75,99;1;47,07;0RX6392 3029 50;3;2;8053672988932;10;Longueur des branches:145mm,Largeur d'un verre:50mm,Largeur du pont:20mm,Largeur totale:120mm,Hauteur d'un verre:49.9mm,Matière:Métal,Forme:Ronde,Genre:Mixte
3140;0;Lunettes de vue Ray Ban  JA-JO 0RX6392 3029 53;32,33;75,99;1;47,07;0RX6392 3029 53;3;2;8053672988963;10;Longueur des branches:145mm,Largeur d'un verre:53mm,Largeur du pont:20mm,Largeur totale:126mm,Hauteur d'un verre:52.9mm,Matière:Métal,Forme:Ronde,Genre:Mixte
3141;0;Lunettes de vue Ray Ban  0RX7119 5715 53;32,33;86,99;1;54,21;0RX7119 5715 53;3;2;8053672833065;10;Longueur des branches:145mm,Largeur d'un verre:53mm,Largeur du pont:17mm,Largeur totale:123mm,Hauteur d'un verre:39.8mm,Matière:Plastique,Forme:Rectangle,Genre:Mixte
3142;0;Lunettes de vue Ray Ban  0RX8954 8029 48;32,33;109,99;1;68,5;0RX8954 8029 48;3;2;8053672728682;10;Longueur des branches:140mm,Largeur d'un verre:48mm,Largeur du pont:18mm,Largeur totale:114mm,Hauteur d'un verre:41.3mm,Matière:Plastique,Forme:Carré,Genre:Homme
3143;0;Lunettes de vue Ray Ban  0RX8954 8030 50;32,33;109,99;1;68,5;0RX8954 8030 50;3;2;8053672728699;10;Longueur des branches:140mm,Largeur d'un verre:50mm,Largeur du pont:18mm,Largeur totale:118mm,Hauteur d'un verre:43.3mm,Matière:Plastique,Forme:Carré,Genre:Homme
3144;0;Lunettes de vue Ray Ban  0RX6397 2934 52;32,33;86,99;1;54,21;0RX6397 2934 52;3;2;8053672729276;10;Longueur des branches:140mm,Largeur d'un verre:53mm,Largeur du pont:19mm,Largeur totale:125mm,Hauteur d'un verre:35.2mm,Matière:Métal,Forme:Carré,Genre:Mixte
3145;0;Lunettes de vue Ray Ban  0RX8417 2951 55;32,33;115,99;1;72,07;0RX8417 2951 55;3;2;8053672769883;10;Longueur des branches:145mm,Largeur d'un verre:55mm,Largeur du pont:18mm,Largeur totale:128mm,Hauteur d'un verre:40.9mm,Matière:Métal,Forme:Carré,Genre:Homme
3146;0;Lunettes de vue Ray Ban  0RX8954C 2509B8 45;32,33;57,99;1;35,79;0RX8954C 2509B8 45;3;2;8053672781359;10;Longueur des branches:0mm,Largeur d'un verre:46mm,Largeur du pont:21mm,Largeur totale:113mm,Hauteur d'un verre:39.0mm,Matière:Métal,Forme:Carré,Genre:Homme
3147;0;Lunettes de vue Ray Ban  0RX3578V 2905 50;32,33;86,99;1;54,21;0RX3578V 2905 50;3;2;8053672785005;10;Longueur des branches:145mm,Largeur d'un verre:51mm,Largeur du pont:22mm,Largeur totale:124mm,Hauteur d'un verre:47.2mm,Matière:Métal,Forme:Pantos,Genre:Mixte
3148;0;Lunettes de vue Ray Ban  0RX3747V 2501 47;32,33;92,99;1;57,79;0RX3747V 2501 47;3;2;8053672768497;10;Longueur des branches:140mm,Largeur d'un verre:47mm,Largeur du pont:21mm,Largeur totale:115mm,Hauteur d'un verre:44.0mm,Matière:Métal,Forme:Pantos,Genre:Mixte
3149;0;Lunettes de vue Ray Ban  0RX3747V 2760 47;32,33;92,99;1;57,79;0RX3747V 2760 47;3;2;8053672768473;10;Longueur des branches:140mm,Largeur d'un verre:47mm,Largeur du pont:21mm,Largeur totale:115mm,Hauteur d'un verre:44.0mm,Matière:Métal,Forme:Pantos,Genre:Mixte
3150;0;Lunettes de vue Ray Ban  0RX3747V 2945 47;32,33;92,99;1;57,79;0RX3747V 2945 47;3;2;8053672768510;10;Longueur des branches:140mm,Largeur d'un verre:47mm,Largeur du pont:21mm,Largeur totale:115mm,Hauteur d'un verre:44.0mm,Matière:Métal,Forme:Pantos,Genre:Mixte
3151;0;Lunettes de vue Ray Ban  0RX5359 5838 51;32,33;92,99;1;57,79;0RX5359 5838 51;3;2;8053672979756;10;Longueur des branches:145mm,Largeur d'un verre:51mm,Largeur du pont:19mm,Largeur totale:121mm,Hauteur d'un verre:39.4mm,Matière:Plastique,Forme:Carré,Genre:Homme
3152;0;Lunettes de vue Ray Ban  0RX5359 5839 53;32,33;92,99;1;57,79;0RX5359 5839 53;3;2;8053672979763;10;Longueur des branches:145mm,Largeur d'un verre:53mm,Largeur du pont:19mm,Largeur totale:125mm,Hauteur d'un verre:41.0mm,Matière:Plastique,Forme:Carré,Genre:Homme
3153;0;Lunettes de vue Ray Ban  0RX5360 5716 52;32,33;92,99;1;57,79;0RX5360 5716 52;3;2;8053672770148;10;Longueur des branches:145mm,Largeur d'un verre:52mm,Largeur du pont:18mm,Largeur totale:122mm,Hauteur d'un verre:39.6mm,Matière:Plastique,Forme:Papillon,Genre:Femme
3154;0;Lunettes de vue Ray Ban  0RX7131 8018 53;32,33;86,99;1;54,21;0RX7131 8018 53;3;2;8053672769289;10;Longueur des branches:145mm,Largeur d'un verre:53mm,Largeur du pont:19mm,Largeur totale:125mm,Hauteur d'un verre:40.3mm,Matière:Plastique,Forme:Carré,Genre:Homme
3155;0;Lunettes de vue Ray Ban  0RX7132 2000 48;32,33;75,99;1;47,07;0RX7132 2000 48;3;2;8053672769944;10;Longueur des branches:145mm,Largeur d'un verre:49mm,Largeur du pont:20mm,Largeur totale:118mm,Hauteur d'un verre:44.9mm,Matière:Plastique,Forme:Pantos,Genre:Homme
3156;0;Lunettes de vue Ray Ban  0RX7132 5721 50;32,33;75,99;1;47,07;0RX7132 5721 50;3;2;8053672770018;10;Longueur des branches:145mm,Largeur d'un verre:51mm,Largeur du pont:20mm,Largeur totale:122mm,Hauteur d'un verre:46.8mm,Matière:Plastique,Forme:Pantos,Genre:Homme
3157;0;Lunettes de vue Ray Ban  0RX8955 5757 53;32,33;109,99;1;68,5;0RX8955 5757 53;3;2;8053672820232;10;Longueur des branches:145mm,Largeur d'un verre:53mm,Largeur du pont:19mm,Largeur totale:125mm,Hauteur d'un verre:42.4mm,Matière:Plastique,Forme:Carré,Genre:Mixte
3158;0;Lunettes de vue Ray Ban  0RX8955 8031 51;32,33;109,99;1;68,5;0RX8955 8031 51;3;2;8053672820201;10;Longueur des branches:140mm,Largeur d'un verre:51mm,Largeur du pont:19mm,Largeur totale:121mm,Hauteur d'un verre:40.7mm,Matière:Plastique,Forme:Carré,Genre:Mixte
3159;0;Lunettes de vue Ray Ban  0RX7142 2012 52;32,33;81,99;1;50,64;0RX7142 2012 52;3;2;8053672824193;10;Longueur des branches:145mm,Largeur d'un verre:52mm,Largeur du pont:18mm,Largeur totale:122mm,Hauteur d'un verre:41.9mm,Matière:Plastique,Forme:Carré,Genre:Homme
3160;0;Lunettes de vue Ray Ban  0RX7142 5760 50;32,33;81,99;1;50,64;0RX7142 5760 50;3;2;8053672824162;10;Longueur des branches:145mm,Largeur d'un verre:50mm,Largeur du pont:18mm,Largeur totale:118mm,Hauteur d'un verre:40.4mm,Matière:Plastique,Forme:Carré,Genre:Homme
3161;0;Lunettes de vue Ray Ban  0RX7142 5761 52;32,33;81,99;1;50,64;0RX7142 5761 52;3;2;8053672824216;10;Longueur des branches:145mm,Largeur d'un verre:52mm,Largeur du pont:18mm,Largeur totale:122mm,Hauteur d'un verre:41.9mm,Matière:Plastique,Forme:Carré,Genre:Homme
3162;0;Lunettes de vue Ray Ban  0RX8749 1194 54;32,33;126,99;1;79,21;0RX8749 1194 54;3;2;8053672824117;10;Longueur des branches:140mm,Largeur d'un verre:54mm,Largeur du pont:14mm,Largeur totale:122mm,Hauteur d'un verre:44.2mm,Matière:Titane,Forme:Pilote,Genre:Homme
3163;0;Lunettes de vue Ray Ban  0RX6412 2861 50;32,33;81,99;1;50,64;0RX6412 2861 50;3;2;8053672824223;10;Longueur des branches:145mm,Largeur d'un verre:50mm,Largeur du pont:18mm,Largeur totale:118mm,Hauteur d'un verre:41.5mm,Matière:Métal,Forme:Carré,Genre:Homme
3164;0;Lunettes de vue Ray Ban  0RX6412 2904 50;32,33;81,99;1;50,64;0RX6412 2904 50;3;2;8053672824247;10;Longueur des branches:145mm,Largeur d'un verre:50mm,Largeur du pont:18mm,Largeur totale:118mm,Hauteur d'un verre:41.5mm,Matière:Métal,Forme:Carré,Genre:Homme
3165;0;Lunettes de vue Ray Ban  0RX6412 2967 52;32,33;81,99;1;50,64;0RX6412 2967 52;3;2;8053672824315;10;Longueur des branches:145mm,Largeur d'un verre:52mm,Largeur du pont:18mm,Largeur totale:122mm,Hauteur d'un verre:43.2mm,Matière:Métal,Forme:Carré,Genre:Homme
3166;0;Lunettes de vue Ray Ban  0RX8747 1128 50;32,33;126,99;1;79,21;0RX8747 1128 50;3;2;8053672823707;10;Longueur des branches:140mm,Largeur d'un verre:50mm,Largeur du pont:18mm,Largeur totale:118mm,Hauteur d'un verre:44.5mm,Matière:Titane,Forme:Ovale,Genre:Mixte
3167;0;Lunettes de vue Ray Ban  0RX3582V 2946 51;32,33;81,99;1;50,64;0RX3582V 2946 51;3;2;8053672823639;10;Longueur des branches:140mm,Largeur d'un verre:51mm,Largeur du pont:20mm,Largeur totale:122mm,Hauteur d'un verre:48.0mm,Matière:Métal,Forme:Pantos,Genre:Mixte
3168;0;Lunettes de vue Ray Ban  0RX7159 5750 52;32,33;86,99;1;54,21;0RX7159 5750 52;3;2;8053672823455;10;Longueur des branches:145mm,Largeur d'un verre:52mm,Largeur du pont:20mm,Largeur totale:124mm,Hauteur d'un verre:43.8mm,Matière:Plastique,Forme:Carré,Genre:Mixte
3169;0;Lunettes de vue Ray Ban  0RX7159 5751 52;32,33;86,99;1;54,21;0RX7159 5751 52;3;2;8053672823479;10;Longueur des branches:145mm,Largeur d'un verre:52mm,Largeur du pont:20mm,Largeur totale:124mm,Hauteur d'un verre:43.8mm,Matière:Plastique,Forme:Carré,Genre:Mixte
3170;0;Lunettes de vue Ray Ban  0RX7140 2001 51;32,33;92,99;1;57,79;0RX7140 2001 51;3;2;8053672822649;10;Longueur des branches:150mm,Largeur d'un verre:51mm,Largeur du pont:20mm,Largeur totale:122mm,Hauteur d'un verre:46.0mm,Matière:Plastique,Forme:Carré,Genre:Mixte
3171;0;Lunettes de vue Ray Ban  0RX7140 2012 49;32,33;92,99;1;57,79;0RX7140 2012 49;3;2;8053672822571;10;Longueur des branches:150mm,Largeur d'un verre:49mm,Largeur du pont:20mm,Largeur totale:118mm,Hauteur d'un verre:44.3mm,Matière:Plastique,Forme:Carré,Genre:Mixte
3172;0;Lunettes de vue Ray Ban  0RX7141 5752 52;32,33;92,99;1;57,79;0RX7141 5752 52;3;2;8053672822670;10;Longueur des branches:150mm,Largeur d'un verre:52mm,Largeur du pont:20mm,Largeur totale:124mm,Hauteur d'un verre:41.4mm,Matière:Plastique,Forme:Carré,Genre:Homme
3173;0;Lunettes de vue Ray Ban  0RX5361 2034 51;32,33;92,99;1;57,79;0RX5361 2034 51;3;2;8053672862423;10;Longueur des branches:145mm,Largeur d'un verre:51mm,Largeur du pont:20mm,Largeur totale:122mm,Hauteur d'un verre:46.8mm,Matière:Plastique,Forme:Pantos,Genre:Mixte
3174;0;Lunettes de vue Ray Ban  0RX5361 5774 49;32,33;92,99;1;57,79;0RX5361 5774 49;3;2;8053672862492;10;Longueur des branches:145mm,Largeur d'un verre:49mm,Largeur du pont:20mm,Largeur totale:118mm,Hauteur d'un verre:45.0mm,Matière:Plastique,Forme:Pantos,Genre:Mixte
3175;0;Lunettes de vue Ray Ban  0RX5361 5839 51;32,33;92,99;1;57,79;0RX5361 5839 51;3;2;8053672979701;10;Longueur des branches:145mm,Largeur d'un verre:51mm,Largeur du pont:20mm,Largeur totale:122mm,Hauteur d'un verre:46.8mm,Matière:Plastique,Forme:Pantos,Genre:Mixte
3176;0;Lunettes de vue Ray Ban  0RX6413 2500 54;32,33;75,99;1;47,07;0RX6413 2500 54;3;2;8053672862928;10;Longueur des branches:140mm,Largeur d'un verre:54mm,Largeur du pont:17mm,Largeur totale:125mm,Hauteur d'un verre:48.1mm,Matière:Métal,Forme:Pilote,Genre:Mixte
3177;0;Lunettes de vue Ray Ban  0RX5362 5834 52;32,33;92,99;1;57,79;0RX5362 5834 52;3;2;8053672978445;10;Longueur des branches:140mm,Largeur d'un verre:52mm,Largeur du pont:17mm,Largeur totale:121mm,Hauteur d'un verre:38.0mm,Matière:Plastique,Forme:Carré,Genre:Femme
3178;0;Lunettes de vue Ray Ban  0RX5362 5836 52;32,33;92,99;1;57,79;0RX5362 5836 52;3;2;8053672978483;10;Longueur des branches:140mm,Largeur d'un verre:52mm,Largeur du pont:17mm,Largeur totale:121mm,Hauteur d'un verre:38.0mm,Matière:Plastique,Forme:Carré,Genre:Femme
3179;0;Lunettes de vue Ray Ban  0RX6414 2980 55;32,33;75,99;1;47,07;0RX6414 2980 55;3;2;8053672863154;10;Longueur des branches:140mm,Largeur d'un verre:55mm,Largeur du pont:18mm,Largeur totale:128mm,Hauteur d'un verre:57.0mm,Matière:Métal,Forme:Carré,Genre:Mixte
3180;0;Lunettes de vue Ray Ban  0RX6414 2500 55;32,33;75,99;1;47,07;0RX6414 2500 55;3;2;8053672863079;10;Longueur des branches:140mm,Largeur d'un verre:55mm,Largeur du pont:18mm,Largeur totale:128mm,Hauteur d'un verre:57.0mm,Matière:Métal,Forme:Carré,Genre:Mixte
3181;0;Lunettes de vue Ray Ban  0RX6414 2979 55;32,33;75,99;1;47,07;0RX6414 2979 55;3;2;8053672863130;10;Longueur des branches:140mm,Largeur d'un verre:55mm,Largeur du pont:18mm,Largeur totale:128mm,Hauteur d'un verre:57.0mm,Matière:Métal,Forme:Carré,Genre:Mixte
3182;0;Lunettes de vue Ray Ban  0RX6414 2501 55;32,33;75,99;1;47,07;0RX6414 2501 55;3;2;8053672863093;10;Longueur des branches:140mm,Largeur d'un verre:55mm,Largeur du pont:18mm,Largeur totale:128mm,Hauteur d'un verre:57.0mm,Matière:Métal,Forme:Carré,Genre:Mixte
3183;0;Lunettes de vue Ray Ban  0RX7144 5521 53;32,33;98,99;1;61,36;0RX7144 5521 53;3;2;8053672864502;10;Longueur des branches:150mm,Largeur d'un verre:54mm,Largeur du pont:18mm,Largeur totale:126mm,Hauteur d'un verre:40.8mm,Matière:Plastique,Forme:Carré,Genre:Homme
3184;0;Lunettes de vue Ray Ban  0RX6420 2976 54;32,33;92,99;1;57,79;0RX6420 2976 54;3;2;8053672864243;10;Longueur des branches:145mm,Largeur d'un verre:54mm,Largeur du pont:17mm,Largeur totale:125mm,Hauteur d'un verre:40.6mm,Matière:Métal,Forme:Rectangle,Genre:Mixte
3185;0;Lunettes de vue Ray Ban  0RX6589 2501 56;32,33;81,99;1;50,64;0RX6589 2501 56;3;2;8053672864106;10;Longueur des branches:140mm,Largeur d'un verre:56mm,Largeur du pont:15mm,Largeur totale:127mm,Hauteur d'un verre:48.8mm,Matière:Métal,Forme:Pilote,Genre:Mixte
3186;0;Lunettes de vue Ray Ban  0RX6589 2501 59;32,33;81,99;1;50,64;0RX6589 2501 59;3;2;8053672864090;10;Longueur des branches:140mm,Largeur d'un verre:59mm,Largeur du pont:15mm,Largeur totale:133mm,Hauteur d'un verre:51.4mm,Matière:Métal,Forme:Pilote,Genre:Mixte
3187;0;Lunettes de vue Ray Ban  0RX6589 2500 56;32,33;81,99;1;50,64;0RX6589 2500 56;3;2;8053672864083;10;Longueur des branches:140mm,Largeur d'un verre:56mm,Largeur du pont:15mm,Largeur totale:127mm,Hauteur d'un verre:48.8mm,Matière:Métal,Forme:Pilote,Genre:Mixte
3188;0;Lunettes de vue Ray Ban  0RX6422 3007 49;32,33;81,99;1;50,64;0RX6422 3007 49;3;2;8053672915204;10;Longueur des branches:140mm,Largeur d'un verre:49mm,Largeur du pont:19mm,Largeur totale:117mm,Hauteur d'un verre:42.0mm,Matière:Métal,Forme:Carré,Genre:Femme
3189;0;Lunettes de vue Ray Ban  0RX6422 3006 51;32,33;81,99;1;50,64;0RX6422 3006 51;3;2;8053672915174;10;Longueur des branches:140mm,Largeur d'un verre:51mm,Largeur du pont:19mm,Largeur totale:121mm,Hauteur d'un verre:43.7mm,Matière:Métal,Forme:Carré,Genre:Femme
3190;0;Lunettes de vue Ray Ban  0RX7153 5364 50;32,33;69,99;1;43,5;0RX7153 5364 50;3;2;8053672928488;10;Longueur des branches:145mm,Largeur d'un verre:50mm,Largeur du pont:21mm,Largeur totale:121mm,Hauteur d'un verre:41.4mm,Matière:Plastique,Forme:Ovale,Genre:Mixte
3191;0;Lunettes de vue Ray Ban  0RX7151 5798 52;32,33;86,99;1;54,21;0RX7151 5798 52;3;2;8053672915297;10;Longueur des branches:145mm,Largeur d'un verre:52mm,Largeur du pont:19mm,Largeur totale:123mm,Hauteur d'un verre:44.9mm,Matière:Plastique,Forme:Pantos,Genre:Mixte
3192;0;Lunettes de vue Ray Ban  0RX7151 2000 52;32,33;86,99;1;54,21;0RX7151 2000 52;3;2;8053672915235;10;Longueur des branches:145mm,Largeur d'un verre:52mm,Largeur du pont:19mm,Largeur totale:123mm,Hauteur d'un verre:44.9mm,Matière:Plastique,Forme:Pantos,Genre:Mixte
3193;0;Lunettes de vue Ray Ban  0RX7151 2012 52;32,33;86,99;1;54,21;0RX7151 2012 52;3;2;8053672915259;10;Longueur des branches:145mm,Largeur d'un verre:52mm,Largeur du pont:19mm,Largeur totale:123mm,Hauteur d'un verre:44.9mm,Matière:Plastique,Forme:Pantos,Genre:Mixte
3194;0;Lunettes de vue Ray Ban  0RX7151 5800 50;32,33;86,99;1;54,21;0RX7151 5800 50;3;2;8053672915327;10;Longueur des branches:145mm,Largeur d'un verre:50mm,Largeur du pont:19mm,Largeur totale:119mm,Hauteur d'un verre:43.1mm,Matière:Plastique,Forme:Pantos,Genre:Mixte
3195;0;Lunettes de vue Ray Ban  0RX7151 5797 50;32,33;86,99;1;54,21;0RX7151 5797 50;3;2;8053672915266;10;Longueur des branches:145mm,Largeur d'un verre:50mm,Largeur du pont:19mm,Largeur totale:119mm,Hauteur d'un verre:43.1mm,Matière:Plastique,Forme:Pantos,Genre:Mixte
3196;0;Lunettes de vue Ray Ban  0RX7151 5797 52;32,33;86,99;1;54,21;0RX7151 5797 52;3;2;8053672915273;10;Longueur des branches:145mm,Largeur d'un verre:52mm,Largeur du pont:19mm,Largeur totale:123mm,Hauteur d'un verre:44.9mm,Matière:Plastique,Forme:Pantos,Genre:Mixte
3197;0;Lunettes de vue Ray Ban  0RX3596V 2994 54;32,33;92,99;1;57,79;0RX3596V 2994 54;3;2;8053672916492;10;Longueur des branches:145mm,Largeur d'un verre:54mm,Largeur du pont:19mm,Largeur totale:127mm,Hauteur d'un verre:45.3mm,Matière:Métal,Forme:Carré,Genre:Mixte
3198;0;Lunettes de vue Ray Ban  0RX8754 1000 50;32,33;126,99;1;79,21;0RX8754 1000 50;3;2;8053672916430;10;Longueur des branches:140mm,Largeur d'un verre:50mm,Largeur du pont:17mm,Largeur totale:117mm,Hauteur d'un verre:42.6mm,Matière:Titane,Forme:Ovale,Genre:Femme
3199;0;Lunettes de vue Ray Ban  0RX8755 1128 56;32,33;126,99;1;79,21;0RX8755 1128 56;3;2;8053672884289;10;Longueur des branches:140mm,Largeur d'un verre:56mm,Largeur du pont:17mm,Largeur totale:129mm,Hauteur d'un verre:34.5mm,Matière:Titane,Forme:Rectangle,Genre:Homme
3200;0;Lunettes de vue Ray Ban  0RX6428 2995 54;32,33;81,99;1;50,64;0RX6428 2995 54;3;2;8053672971804;10;Longueur des branches:145mm,Largeur d'un verre:54mm,Largeur du pont:19mm,Largeur totale:127mm,Hauteur d'un verre:40.7mm,Matière:Métal,Forme:Carré,Genre:Mixte
3201;0;Lunettes de vue Ray Ban  0RX7156 5795 51;32,33;81,99;1;50,64;0RX7156 5795 51;3;2;8053672971552;10;Longueur des branches:145mm,Largeur d'un verre:51mm,Largeur du pont:20mm,Largeur totale:122mm,Hauteur d'un verre:45.0mm,Matière:Plastique,Forme:Pantos,Genre:Mixte
3202;0;Lunettes de vue Ray Ban  0RX7156 5841 53;32,33;81,99;1;50,64;0RX7156 5841 53;3;2;8053672971507;10;Longueur des branches:145mm,Largeur d'un verre:53mm,Largeur du pont:20mm,Largeur totale:126mm,Hauteur d'un verre:46.4mm,Matière:Plastique,Forme:Pantos,Genre:Mixte
3203;0;Lunettes de vue Ray Ban  0RX7156 5842 51;32,33;81,99;1;50,64;0RX7156 5842 51;3;2;8053672971590;10;Longueur des branches:145mm,Largeur d'un verre:51mm,Largeur du pont:20mm,Largeur totale:122mm,Hauteur d'un verre:45.0mm,Matière:Plastique,Forme:Pantos,Genre:Mixte
3204;0;Lunettes de vue Ray Ban  0RX3947V 2501 51;32,33;81,99;1;50,64;0RX3947V 2501 51;3;2;8053672971095;10;Longueur des branches:145mm,Largeur d'un verre:51mm,Largeur du pont:22mm,Largeur totale:124mm,Hauteur d'un verre:47.8mm,Matière:Métal,Forme:Pantos,Genre:Mixte
3205;0;Lunettes de vue Ray Ban  0RX8418 2509 51;32,33;109,99;1;68,5;0RX8418 2509 51;3;2;8053672971712;10;Longueur des branches:145mm,Largeur d'un verre:51mm,Largeur du pont:18mm,Largeur totale:120mm,Hauteur d'un verre:44.9mm,Matière:Métal,Forme:Carré,Genre:Mixte
3206;0;Lunettes de vue Ray Ban  0RX8418 3014 51;32,33;109,99;1;68,5;0RX8418 3014 51;3;2;8053672971736;10;Longueur des branches:145mm,Largeur d'un verre:51mm,Largeur du pont:18mm,Largeur totale:120mm,Hauteur d'un verre:44.9mm,Matière:Métal,Forme:Carré,Genre:Mixte
3207;0;Lunettes de vue Ray Ban  0RX8905 5843 53;32,33;109,99;1;68,5;0RX8905 5843 53;3;2;8053672971620;10;Longueur des branches:145mm,Largeur d'un verre:53mm,Largeur du pont:18mm,Largeur totale:124mm,Hauteur d'un verre:40.6mm,Matière:Plastique,Forme:Carré,Genre:Homme
3208;0;Lunettes de vue Ray Ban  0RX5228M 2034 56;32,33;92,99;1;57,79;0RX5228M 2034 56;3;2;8053672971194;10;Longueur des branches:145mm,Largeur d'un verre:56mm,Largeur du pont:17mm,Largeur totale:129mm,Hauteur d'un verre:38.6mm,Matière:Plastique,Forme:Carré,Genre:Mixte
3209;0;Lunettes de vue Ray Ban  0RX5228M 5839 54;32,33;92,99;1;57,79;0RX5228M 5839 54;3;2;8053672971330;10;Longueur des branches:145mm,Largeur d'un verre:54mm,Largeur du pont:17mm,Largeur totale:125mm,Hauteur d'un verre:37.3mm,Matière:Plastique,Forme:Carré,Genre:Mixte
3210;0;Lunettes de vue Ray Ban  0RX8757 1128 51;32,33;126,99;1;79,21;0RX8757 1128 51;3;2;8053672930764;10;Longueur des branches:140mm,Largeur d'un verre:51mm,Largeur du pont:18mm,Largeur totale:120mm,Hauteur d'un verre:39.9mm,Matière:Titane,Forme:Rectangle,Genre:Homme
3211;0;Lunettes de vue Ray Ban  0RX5387 5874 52;32,33;69,99;1;43,5;0RX5387 5874 52;3;2;8053672991406;10;Longueur des branches:145mm,Largeur d'un verre:52mm,Largeur du pont:18mm,Largeur totale:122mm,Hauteur d'un verre:44.0mm,Matière:Plastique,Forme:Carré,Genre:Homme
3212;0;Lunettes de vue Ray Ban  0RX5387 5874 54;32,33;69,99;1;43,5;0RX5387 5874 54;3;2;8053672991413;10;Longueur des branches:150mm,Largeur d'un verre:54mm,Largeur du pont:18mm,Largeur totale:126mm,Hauteur d'un verre:45.7mm,Matière:Plastique,Forme:Carré,Genre:Homme
3213;0;Lunettes de vue Ray Ban  0RX5387 5873 52;32,33;69,99;1;43,5;0RX5387 5873 52;3;2;8053672991383;10;Longueur des branches:145mm,Largeur d'un verre:52mm,Largeur du pont:18mm,Largeur totale:122mm,Hauteur d'un verre:44.0mm,Matière:Plastique,Forme:Carré,Genre:Homme
3214;0;Lunettes de vue Ray Ban  0RX5387 2012 52;32,33;69,99;1;43,5;0RX5387 2012 52;3;2;8053672991345;10;Longueur des branches:145mm,Largeur d'un verre:52mm,Largeur du pont:18mm,Largeur totale:122mm,Hauteur d'un verre:44.0mm,Matière:Plastique,Forme:Carré,Genre:Homme
3215;0;Lunettes de vue Ray Ban  0RX5114 2097 52;32,33;75,99;1;47,07;0RX5114 2097 52;3;2;0805289294856;10;Longueur des branches:135mm,Largeur d'un verre:52mm,Largeur du pont:16mm,Largeur totale:120mm,Hauteur d'un verre:28.2mm,Matière:Plastique,Forme:Rectangle,Genre:Mixte
3216;0;Lunettes de vue Ray Ban  0RX5206 2479 54;32,33;81,99;1;50,64;0RX5206 2479 54;3;2;0805289384502;10;Longueur des branches:145mm,Largeur d'un verre:54mm,Largeur du pont:18mm,Largeur totale:126mm,Hauteur d'un verre:32.1mm,Matière:Plastique,Forme:Rectangle,Genre:Homme
3217;0;Lunettes de vue Ray Ban  0RX5206 5023 52;32,33;81,99;1;50,64;0RX5206 5023 52;3;2;8053672629286;10;Longueur des branches:140mm,Largeur d'un verre:52mm,Largeur du pont:18mm,Largeur totale:122mm,Hauteur d'un verre:30.9mm,Matière:Plastique,Forme:Rectangle,Genre:Homme
3218;0;Lunettes de vue Ray Ban  0RX5206 5023 54;32,33;81,99;1;50,64;0RX5206 5023 54;3;2;8053672629279;10;Longueur des branches:145mm,Largeur d'un verre:54mm,Largeur du pont:18mm,Largeur totale:126mm,Hauteur d'un verre:32.1mm,Matière:Plastique,Forme:Rectangle,Genre:Homme
3219;0;Lunettes de vue Ray Ban  0RX5228 5409 50;32,33;86,99;1;54,21;0RX5228 5409 50;3;2;8053672234732;10;Longueur des branches:140mm,Largeur d'un verre:50mm,Largeur du pont:17mm,Largeur totale:117mm,Hauteur d'un verre:34.5mm,Matière:Plastique,Forme:Carré,Genre:Femme
3220;0;Lunettes de vue Ray Ban  0RX5228 5057 55;32,33;86,99;1;54,21;0RX5228 5057 55;3;2;8053672278750;10;Longueur des branches:140mm,Largeur d'un verre:55mm,Largeur du pont:17mm,Largeur totale:127mm,Hauteur d'un verre:38.0mm,Matière:Plastique,Forme:Carré,Genre:Femme
3221;0;Lunettes de vue Ray Ban  0RX5228 5547 50;32,33;86,99;1;54,21;0RX5228 5547 50;3;2;8053672430035;10;Longueur des branches:140mm,Largeur d'un verre:50mm,Largeur du pont:17mm,Largeur totale:117mm,Hauteur d'un verre:34.5mm,Matière:Plastique,Forme:Carré,Genre:Femme
3222;0;Lunettes de vue Ray Ban  0RX5228 5582 50;32,33;86,99;1;54,21;0RX5228 5582 50;3;2;8053672503197;10;Longueur des branches:140mm,Largeur d'un verre:50mm,Largeur du pont:17mm,Largeur totale:117mm,Hauteur d'un verre:34.5mm,Matière:Plastique,Forme:Carré,Genre:Femme
3223;0;Lunettes de vue Ray Ban  0RX5228 5711 50;32,33;86,99;1;54,21;0RX5228 5711 50;3;2;8053672783933;10;Longueur des branches:140mm,Largeur d'un verre:50mm,Largeur du pont:17mm,Largeur totale:117mm,Hauteur d'un verre:34.5mm,Matière:Plastique,Forme:Carré,Genre:Femme
3224;0;Lunettes de vue Ray Ban  0RX5228 5799 55;32,33;86,99;1;54,21;0RX5228 5799 55;3;2;8053672927504;10;Longueur des branches:140mm,Largeur d'un verre:55mm,Largeur du pont:17mm,Largeur totale:127mm,Hauteur d'un verre:38.0mm,Matière:Plastique,Forme:Carré,Genre:Femme
3225;0;Lunettes de vue Ray Ban  0RX5150 5718 50;32,33;81,99;1;50,64;0RX5150 5718 50;3;2;8053672783810;10;Longueur des branches:135mm,Largeur d'un verre:50mm,Largeur du pont:19mm,Largeur totale:119mm,Hauteur d'un verre:30.5mm,Matière:Plastique,Forme:Rectangle,Genre:Femme
3226;0;Lunettes de vue Ray Ban  CLUBMASTER 0RX5154 2012 51;32,33;86,99;1;54,21;0RX5154 2012 51;3;2;8053672195781;10;Longueur des branches:145mm,Largeur d'un verre:51mm,Largeur du pont:21mm,Largeur totale:123mm,Hauteur d'un verre:39.6mm,Matière:Plastique,Forme:Carré,Genre:Mixte
3227;0;Lunettes de vue Ray Ban  CLUBMASTER 0RX5154 5652 51;32,33;86,99;1;54,21;0RX5154 5652 51;3;2;8053672616729;10;Longueur des branches:145mm,Largeur d'un verre:51mm,Largeur du pont:21mm,Largeur totale:123mm,Hauteur d'un verre:39.6mm,Matière:Plastique,Forme:Carré,Genre:Mixte
3228;0;Lunettes de vue Ray Ban  CLUBMASTER 0RX5154 5751 49;32,33;86,99;1;54,21;0RX5154 5751 49;3;2;8053672832785;10;Longueur des branches:140mm,Largeur d'un verre:50mm,Largeur du pont:21mm,Largeur totale:121mm,Hauteur d'un verre:38.3mm,Matière:Plastique,Forme:Carré,Genre:Mixte
3229;0;Lunettes de vue Ray Ban  0RX5169 2012 54;32,33;81,99;1;50,64;0RX5169 2012 54;3;2;8053672629323;10;Longueur des branches:140mm,Largeur d'un verre:54mm,Largeur du pont:16mm,Largeur totale:124mm,Hauteur d'un verre:31.8mm,Matière:Plastique,Forme:Rectangle,Genre:Homme
3230;0;Lunettes de vue Ray Ban  0RX5169 5817 52;32,33;81,99;1;50,64;0RX5169 5817 52;3;2;8053672927894;10;Longueur des branches:140mm,Largeur d'un verre:52mm,Largeur du pont:16mm,Largeur totale:120mm,Hauteur d'un verre:30.6mm,Matière:Plastique,Forme:Rectangle,Genre:Homme
3231;0;Lunettes de vue Ray Ban  0RX5169 5816 52;32,33;81,99;1;50,64;0RX5169 5816 52;3;2;8053672927870;10;Longueur des branches:140mm,Largeur d'un verre:52mm,Largeur du pont:16mm,Largeur totale:120mm,Hauteur d'un verre:30.6mm,Matière:Plastique,Forme:Rectangle,Genre:Homme
3232;0;Lunettes de vue Ray Ban  RX5255 (51) 0RX5255 2034 51;32,33;86,99;1;54,21;0RX5255 2034 51;3;2;0805289559153;10;Longueur des branches:135mm,Largeur d'un verre:51mm,Largeur du pont:16mm,Largeur totale:118mm,Hauteur d'un verre:32.7mm,Matière:Plastique,Forme:Carré,Genre:Femme
3233;0;Lunettes de vue Ray Ban  RX5255 (51) 0RX5255 5240 53;32,33;86,99;1;54,21;0RX5255 5240 53;3;2;8053672742756;10;Longueur des branches:135mm,Largeur d'un verre:53mm,Largeur du pont:16mm,Largeur totale:122mm,Hauteur d'un verre:34.0mm,Matière:Plastique,Forme:Carré,Genre:Femme
3234;0;Lunettes de vue Ray Ban  0RX5184F 2012 52;32,33;86,99;1;54,21;0RX5184F 2012 52;3;2;0805289552109;10;Longueur des branches:145mm,Largeur d'un verre:52mm,Largeur du pont:18mm,Largeur totale:122mm,Hauteur d'un verre:38.6mm,Matière:Plastique,Forme:Carré,Genre:Mixte
3235;0;Lunettes de vue Ray Ban  0RX5187 2445 52;32,33;75,99;1;47,07;0RX5187 2445 52;3;2;0805289343455;10;Longueur des branches:140mm,Largeur d'un verre:52mm,Largeur du pont:16mm,Largeur totale:120mm,Hauteur d'un verre:29.9mm,Matière:Plastique,Forme:Rectangle,Genre:Mixte
3236;0;Lunettes de vue Ray Ban  0RX5298 2000 51;32,33;86,99;1;54,21;0RX5298 2000 51;3;2;8053672685367;10;Longueur des branches:135mm,Largeur d'un verre:51mm,Largeur du pont:17mm,Largeur totale:119mm,Hauteur d'un verre:35.8mm,Matière:Plastique,Forme:Papillon,Genre:Femme
3237;0;Lunettes de vue Ray Ban  0RX5298 5024 53;32,33;86,99;1;54,21;0RX5298 5024 53;3;2;8053672685916;10;Longueur des branches:135mm,Largeur d'un verre:53mm,Largeur du pont:17mm,Largeur totale:123mm,Hauteur d'un verre:37.2mm,Matière:Plastique,Forme:Papillon,Genre:Femme
3238;0;Lunettes de vue Ray Ban  0RX5283 2012 49;32,33;86,99;1;54,21;0RX5283 2012 49;3;2;8053672633726;10;Longueur des branches:145mm,Largeur d'un verre:49mm,Largeur du pont:21mm,Largeur totale:119mm,Hauteur d'un verre:43.3mm,Matière:Plastique,Forme:Pantos,Genre:Homme
3239;0;Lunettes de vue Ray Ban  0RX5283 2144 51;32,33;86,99;1;54,21;0RX5283 2144 51;3;2;8053672633191;10;Longueur des branches:145mm,Largeur d'un verre:51mm,Largeur du pont:21mm,Largeur totale:123mm,Hauteur d'un verre:45.1mm,Matière:Plastique,Forme:Pantos,Genre:Homme
3240;0;Lunettes de vue Ray Ban  0RX5283 5775 47;32,33;86,99;1;54,21;0RX5283 5775 47;3;2;8053672876581;10;Longueur des branches:145mm,Largeur d'un verre:47mm,Largeur du pont:21mm,Largeur totale:115mm,Hauteur d'un verre:41.6mm,Matière:Plastique,Forme:Pantos,Genre:Homme
3241;0;Lunettes de vue Ray Ban  0RX5279 5775 53;32,33;86,99;1;54,21;0RX5279 5775 53;3;2;8053672876499;10;Longueur des branches:145mm,Largeur d'un verre:53mm,Largeur du pont:18mm,Largeur totale:124mm,Hauteur d'un verre:37.0mm,Matière:Plastique,Forme:Carré,Genre:Homme
3242;0;Lunettes de vue Ray Ban  0RX5286 8024 51;32,33;86,99;1;54,21;0RX5286 8024 51;3;2;8053672728088;10;Longueur des branches:135mm,Largeur d'un verre:51mm,Largeur du pont:18mm,Largeur totale:120mm,Hauteur d'un verre:35.3mm,Matière:Plastique,Forme:Carré,Genre:Femme
3243;0;Lunettes de vue Ray Ban  0RX8411 2509 56;32,33;109,99;1;68,5;0RX8411 2509 56;3;2;8053672278897;10;Longueur des branches:140mm,Largeur d'un verre:56mm,Largeur du pont:17mm,Largeur totale:129mm,Hauteur d'un verre:35.4mm,Matière:Métal,Forme:Rectangle,Genre:Homme
3244;0;Lunettes de vue Ray Ban  0RX8412 2503 52;32,33;109,99;1;68,5;0RX8412 2503 52;3;2;8053672060867;10;Longueur des branches:145mm,Largeur d'un verre:52mm,Largeur du pont:17mm,Largeur totale:121mm,Hauteur d'un verre:29.0mm,Matière:Métal,Forme:Rectangle,Genre:Homme
3245;0;Lunettes de vue Ray Ban  0RX5245 2034 54;32,33;81,99;1;50,64;0RX5245 2034 54;3;2;0805289517450;10;Longueur des branches:145mm,Largeur d'un verre:54mm,Largeur du pont:17mm,Largeur totale:125mm,Hauteur d'un verre:34.7mm,Matière:Plastique,Forme:Carré,Genre:Homme
3246;0;Lunettes de vue Ray Ban  0RX5245 5608 54;32,33;81,99;1;50,64;0RX5245 5608 54;3;2;8053672554502;10;Longueur des branches:145mm,Largeur d'un verre:54mm,Largeur du pont:17mm,Largeur totale:125mm,Hauteur d'un verre:34.7mm,Matière:Plastique,Forme:Carré,Genre:Homme
3247;0;Lunettes de vue Ray Ban  0RX7017 5196 54;32,33;86,99;1;54,21;0RX7017 5196 54;3;2;8053672061819;10;Longueur des branches:145mm,Largeur d'un verre:54mm,Largeur du pont:17mm,Largeur totale:125mm,Hauteur d'un verre:32.7mm,Matière:Plastique,Forme:Rectangle,Genre:Homme
3248;0;Lunettes de vue Ray Ban  0RX7017 5687 54;32,33;86,99;1;54,21;0RX7017 5687 54;3;2;8053672685992;10;Longueur des branches:145mm,Largeur d'un verre:54mm,Largeur du pont:17mm,Largeur totale:125mm,Hauteur d'un verre:32.7mm,Matière:Plastique,Forme:Rectangle,Genre:Homme